56, 17.5,-17.5,0 ,1.32
27, 2.5,2.5,0 ,0.66
62, -12.5,-17.5,-0 ,1.00641
13, -7.5,12.5,0 ,0.128265
1, 12.5,17.5,0 ,0.66248
31, -17.5,2.5,0 ,0.66
17, 12.5,7.5,0 ,0.182535
40, 17.5,-7.5,0 ,0.66
52, -2.5,-12.5,-0 ,0.833255
3, 2.5,17.5,0 ,0.160739
12, -2.5,12.5,0 ,0.72334
119, -17.5,-12.5,-65 ,0.332843
126, -12.5,-17.5,-65 ,0.263817
26, 7.5,2.5,0 ,0.0703175
37, -7.5,-2.5,-0 ,0.00992771
42, 7.5,-7.5,0 ,0.66
59, 2.5,-17.5,0 ,0.66
92, -2.5,2.5,-65 ,0.66
4, -2.5,17.5,0 ,0.364593
32, 17.5,-2.5,0 ,0.06484
48, 17.5,-12.5,0 ,0.351411
19, 2.5,7.5,0 ,0.196773
16, 17.5,7.5,0 ,0.66
14, -12.5,12.5,0 ,0.153006
0, 17.5,17.5,0 ,0.66
16, 17.5,7.5,0 ,0.92857
0, 17.5,17.5,0 ,0.246546
10, 7.5,12.5,0 ,0.174929
7, -17.5,17.5,0 ,0.049337
56, 17.5,-17.5,0 ,0.15147
69, -7.5,17.5,-65 ,0.50853
38, -12.5,-2.5,-0 ,0.454704
48, 17.5,-12.5,0 ,0.66
27, 2.5,2.5,0 ,0.340891
44, -2.5,-7.5,-0 ,0.319109
15, -17.5,12.5,0 ,0.223374
20, -2.5,7.5,0 ,0.602808
22, -12.5,7.5,0 ,0.0919959
22, -12.5,7.5,0 ,0.294428
23, -17.5,7.5,0 ,0.519721
31, -17.5,2.5,0 ,0.505851
114, 7.5,-12.5,-65 ,1.32
13, -7.5,12.5,0 ,0.66
70, -12.5,17.5,-65 ,0.66
33, 12.5,-2.5,0 ,1.32
7, -17.5,17.5,0 ,0.396507
0, 17.5,17.5,0 ,0.920279
101, -7.5,-2.5,-65 ,0.66
1, 12.5,17.5,0 ,0.448018
11, 2.5,12.5,0 ,0.211982
7, -17.5,17.5,0 ,0.0420146
61, -7.5,-17.5,-0 ,0.66
39, -17.5,-2.5,-0 ,0.66
57, 12.5,-17.5,0 ,0.66
48, 17.5,-12.5,0 ,0.7138
20, -2.5,7.5,0 ,0.279746
26, 7.5,2.5,0 ,0.751274
36, -2.5,-2.5,-0 ,0.28898
26, 7.5,2.5,0 ,0.66
89, 12.5,2.5,-65 ,0.431661
33, 12.5,-2.5,0 ,0.338459
50, 7.5,-12.5,0 ,0.321541
53, -7.5,-12.5,-0 ,0.42727
62, -12.5,-17.5,-0 ,0.275436
36, -2.5,-2.5,-0 ,0.166838
46, -12.5,-7.5,-0 ,0.493162
126, -12.5,-17.5,-65 ,0.66
34, 7.5,-2.5,0 ,0.66
98, 7.5,-2.5,-65 ,0.66
31, -17.5,2.5,0 ,0.0890747
46, -12.5,-7.5,-0 ,0.162477
63, -17.5,-17.5,-0 ,1.15752
1, 12.5,17.5,0 ,0.943813
14, -12.5,12.5,0 ,0.327589
16, 17.5,7.5,0 ,0.335332
26, 7.5,2.5,0 ,0.324668
48, 17.5,-12.5,0 ,0.390455
29, -7.5,2.5,0 ,0.384004
94, -12.5,2.5,-65 ,0.0615874
111, -17.5,-7.5,-65 ,0.227245
0, 17.5,17.5,0 ,0.132582
15, -17.5,12.5,0 ,0.803786
12, -2.5,12.5,0 ,0.401116
22, -12.5,7.5,0 ,0.258884
69, -7.5,17.5,-65 ,0.66
5, -7.5,17.5,0 ,0.302225
50, 7.5,-12.5,0 ,0.66
79, -17.5,12.5,-65 ,0.252769
121, 12.5,-17.5,-65 ,0.66
4, -2.5,17.5,0 ,0.66
39, -17.5,-2.5,-0 ,1.05765
4, -2.5,17.5,0 ,0.66
25, 12.5,2.5,0 ,0.169717
5, -7.5,17.5,0 ,0.66
49, 12.5,-12.5,0 ,0.226782
4, -2.5,17.5,0 ,0.289171
6, -12.5,17.5,0 ,0.370829
60, -2.5,-17.5,-0 ,0.0598028
11, 2.5,12.5,0 ,0.221636
13, -7.5,12.5,0 ,0.438364
48, 17.5,-12.5,0 ,0.0201493
39, -17.5,-2.5,-0 ,0.66
3, 2.5,17.5,0 ,0.665245
53, -7.5,-12.5,-0 ,1.32
15, -17.5,12.5,0 ,0.66
46, -12.5,-7.5,-0 ,0.66
30, -12.5,2.5,0 ,0.66
43, 2.5,-7.5,0 ,0.66
115, 2.5,-12.5,-65 ,0.259478
47, -17.5,-7.5,-0 ,1.10702
59, 2.5,-17.5,0 ,0.481074
45, -7.5,-7.5,-0 ,0.66
7, -17.5,17.5,0 ,0.66
51, 2.5,-12.5,0 ,0.66
6, -12.5,17.5,0 ,0.345583
55, -17.5,-12.5,-0 ,0.66
0, 17.5,17.5,0 ,0.747352
31, -17.5,2.5,0 ,0.391862
38, -12.5,-2.5,-0 ,0.291273
118, -12.5,-12.5,-65 ,0.171444
127, -17.5,-17.5,-65 ,0.465422
24, 17.5,2.5,0 ,0.295671
25, 12.5,2.5,0 ,0.256852
88, 17.5,2.5,-65 ,0.66
45, -7.5,-7.5,-0 ,0.914711
62, -12.5,-17.5,-0 ,0.1246
21, -7.5,7.5,0 ,0.136175
86, -12.5,7.5,-65 ,0.219185
87, -17.5,7.5,-65 ,0.127362
7, -17.5,17.5,0 ,1.32
57, 12.5,-17.5,0 ,0.435948
46, -12.5,-7.5,-0 ,1.12591
49, 12.5,-12.5,0 ,0.384722
57, 12.5,-17.5,0 ,0.275278
2, 7.5,17.5,0 ,0.23231
76, -2.5,12.5,-65 ,0.281327
25, 12.5,2.5,0 ,0.690086
32, 17.5,-2.5,0 ,0.0758414
123, 2.5,-17.5,-65 ,0.584159
21, -7.5,7.5,0 ,0.545316
36, -2.5,-2.5,-0 ,0.281191
50, 7.5,-12.5,0 ,0.43404
59, 2.5,-17.5,0 ,0.22596
11, 2.5,12.5,0 ,0.66
7, -17.5,17.5,0 ,0.806064
34, 7.5,-2.5,0 ,0.66
105, 12.5,-7.5,-65 ,0.66
24, 17.5,2.5,0 ,0.288212
51, 2.5,-12.5,0 ,0.371788
122, 7.5,-17.5,-65 ,0.66
123, 2.5,-17.5,-65 ,0.66
43, 2.5,-7.5,0 ,0.395788
115, 2.5,-12.5,-65 ,0.250039
124, -2.5,-17.5,-65 ,0.409961
55, -17.5,-12.5,-0 ,0.264243
39, -17.5,-2.5,-0 ,0.231384
5, -7.5,17.5,0 ,0.132618
110, -12.5,-7.5,-65 ,0.0289474
99, 2.5,-2.5,-65 ,0.357006
46, -12.5,-7.5,-0 ,0.445538
55, -17.5,-12.5,-0 ,0.367722
18, 7.5,7.5,0 ,0.174349
74, 7.5,12.5,-65 ,0.361946
23, -17.5,7.5,0 ,1.32
47, -17.5,-7.5,-0 ,0.66
7, -17.5,17.5,0 ,0.66
8, 17.5,12.5,0 ,0.784816
47, -17.5,-7.5,-0 ,1.01477
24, 17.5,2.5,0 ,0.0327403
63, -17.5,-17.5,-0 ,0.129881
34, 7.5,-2.5,0 ,0.66
105, 12.5,-7.5,-65 ,0.351379
121, 12.5,-17.5,-65 ,0.308621
10, 7.5,12.5,0 ,0.0357597
19, 2.5,7.5,0 ,0.291853
20, -2.5,7.5,0 ,0.340791
4, -2.5,17.5,0 ,0.66
28, -2.5,2.5,0 ,0.161569
4, -2.5,17.5,0 ,0.66
110, -12.5,-7.5,-65 ,1.32
1, 12.5,17.5,0 ,0.66
63, -17.5,-17.5,-0 ,0.234878
48, 17.5,-12.5,0 ,0.980651
58, 7.5,-17.5,0 ,0.125525
36, -2.5,-2.5,-0 ,0.0879753
63, -17.5,-17.5,-0 ,0.66
46, -12.5,-7.5,-0 ,0.135138
31, -17.5,2.5,0 ,0.435273
37, -7.5,-2.5,-0 ,0.224727
103, -17.5,-2.5,-65 ,0.454759
25, 12.5,2.5,0 ,1.32
26, 7.5,2.5,0 ,0.10896
82, 7.5,7.5,-65 ,0.504113
99, 2.5,-2.5,-65 ,0.155887
30, -12.5,2.5,0 ,0.0254155
11, 2.5,12.5,0 ,0.0505724
68, -2.5,17.5,-65 ,0.66
9, 12.5,12.5,0 ,0.380076
26, 7.5,2.5,0 ,0.406144
5, -7.5,17.5,0 ,0.395321
7, -17.5,17.5,0 ,0.264679
59, 2.5,-17.5,0 ,0.66
8, 17.5,12.5,0 ,1.32
26, 7.5,2.5,0 ,0.66
10, 7.5,12.5,0 ,0.96275
29, -7.5,2.5,0 ,0.0698922
102, -12.5,-2.5,-65 ,0.66
23, -17.5,7.5,0 ,0.355221
39, -17.5,-2.5,-0 ,0.329531
41, 12.5,-7.5,0 ,0.439469
120, 17.5,-17.5,-65 ,0.149793
2, 7.5,17.5,0 ,0.356862
28, -2.5,2.5,0 ,0.816943
45, -7.5,-7.5,-0 ,0.241851
54, -12.5,-12.5,-0 ,0.741321
49, 12.5,-12.5,0 ,1.32
63, -17.5,-17.5,-0 ,0.175291
53, -7.5,-12.5,-0 ,1.32
2, 7.5,17.5,0 ,0.464413
48, 17.5,-12.5,0 ,0.435239
16, 17.5,7.5,0 ,0.362728
32, 17.5,-2.5,0 ,0.297272
15, -17.5,12.5,0 ,0.152891
88, 17.5,2.5,-65 ,0.507109
33, 12.5,-2.5,0 ,0.66
17, 12.5,7.5,0 ,0.366426
111, -17.5,-7.5,-65 ,0.293574
34, 7.5,-2.5,0 ,1.32
45, -7.5,-7.5,-0 ,0.140173
62, -12.5,-17.5,-0 ,0.147331
57, 12.5,-17.5,0 ,0.180714
3, 2.5,17.5,0 ,0.66
49, 12.5,-12.5,0 ,0.66
8, 17.5,12.5,0 ,0.66
5, -7.5,17.5,0 ,0.66
33, 12.5,-2.5,0 ,0.0250413
90, 7.5,2.5,-65 ,0.128837
6, -12.5,17.5,0 ,0.66
59, 2.5,-17.5,0 ,0.0662038
31, -17.5,2.5,0 ,1.02926
38, -12.5,-2.5,-0 ,0.290736
7, -17.5,17.5,0 ,0.66
0, 17.5,17.5,0 ,0.835426
3, 2.5,17.5,0 ,1.13
19, 2.5,7.5,0 ,0.189996
3, 2.5,17.5,0 ,0.401827
20, -2.5,7.5,0 ,0.364911
10, 7.5,12.5,0 ,0.66
61, -7.5,-17.5,-0 ,1.04829
63, -17.5,-17.5,-0 ,0.271707
0, 17.5,17.5,0 ,0.66
63, -17.5,-17.5,-0 ,1.32
47, -17.5,-7.5,-0 ,0.321339
11, 2.5,12.5,0 ,0.66
13, -7.5,12.5,0 ,0.66
23, -17.5,7.5,0 ,0.128503
4, -2.5,17.5,0 ,0.66
24, 17.5,2.5,0 ,0.227196
28, -2.5,2.5,0 ,1.32
102, -12.5,-2.5,-65 ,0.415052
119, -17.5,-12.5,-65 ,0.244948
43, 2.5,-7.5,0 ,0.66
1, 12.5,17.5,0 ,0.0907881
4, -2.5,17.5,0 ,0.66
2, 7.5,17.5,0 ,0.757641
88, 17.5,2.5,-65 ,0.562359
30, -12.5,2.5,0 ,0.66
86, -12.5,7.5,-65 ,0.170072
87, -17.5,7.5,-65 ,0.232201
37, -7.5,-2.5,-0 ,0.0418216
45, -7.5,-7.5,-0 ,0.234816
47, -17.5,-7.5,-0 ,1.04336
17, 12.5,7.5,0 ,0.415689
80, 17.5,7.5,-65 ,0.370437
27, 2.5,2.5,0 ,0.66
83, 2.5,7.5,-65 ,0.166163
84, -2.5,7.5,-65 ,0.207707
91, 2.5,2.5,-65 ,0.28613
53, -7.5,-12.5,-0 ,1.32
7, -17.5,17.5,0 ,1.32
55, -17.5,-12.5,-0 ,0.422322
76, -2.5,12.5,-65 ,0.332815
4, -2.5,17.5,0 ,0.66
61, -7.5,-17.5,-0 ,0.66
35, 2.5,-2.5,0 ,0.944032
12, -2.5,12.5,0 ,0.66
69, -7.5,17.5,-65 ,0.00617287
49, 12.5,-12.5,0 ,0.233404
57, 12.5,-17.5,0 ,0.426596
2, 7.5,17.5,0 ,0.431909
4, -2.5,17.5,0 ,0.329755
5, -7.5,17.5,0 ,0.330245
7, -17.5,17.5,0 ,1.32
42, 7.5,-7.5,0 ,0.250511
26, 7.5,2.5,0 ,0.708365
43, 2.5,-7.5,0 ,0.611635
61, -7.5,-17.5,-0 ,0.0902389
35, 2.5,-2.5,0 ,0.0105945
125, -7.5,-17.5,-65 ,0.66
4, -2.5,17.5,0 ,1.0117
21, -7.5,7.5,0 ,0.308299
32, 17.5,-2.5,0 ,0.349184
26, 7.5,2.5,0 ,0.665246
42, 7.5,-7.5,0 ,0.323263
61, -7.5,-17.5,-0 ,0.66
1, 12.5,17.5,0 ,0.475697
0, 17.5,17.5,0 ,0.122857
41, 12.5,-7.5,0 ,0.327955
58, 7.5,-17.5,0 ,0.332045
6, -12.5,17.5,0 ,0.456567
3, 2.5,17.5,0 ,0.0376942
41, 12.5,-7.5,0 ,1.0992
58, 7.5,-17.5,0 ,0.220799
56, 17.5,-17.5,0 ,0.344931
98, 7.5,-2.5,-65 ,0.299344
53, -7.5,-12.5,-0 ,0.66
50, 7.5,-12.5,0 ,0.259154
58, 7.5,-17.5,0 ,1.06085
23, -17.5,7.5,0 ,0.154119
79, -17.5,12.5,-65 ,0.347456
95, -17.5,2.5,-65 ,0.0185534
111, -17.5,-7.5,-65 ,0.293991
9, 12.5,12.5,0 ,0.23111
5, -7.5,17.5,0 ,1.32
24, 17.5,2.5,0 ,1.32
2, 7.5,17.5,0 ,0.952442
8, 17.5,12.5,0 ,0.367558
63, -17.5,-17.5,-0 ,0.351096
0, 17.5,17.5,0 ,1.32
42, 7.5,-7.5,0 ,0.754828
69, -7.5,17.5,-65 ,0.565172
15, -17.5,12.5,0 ,0.364253
24, 17.5,2.5,0 ,0.852404
60, -2.5,-17.5,-0 ,0.102735
122, 7.5,-17.5,-65 ,0.66
4, -2.5,17.5,0 ,0.475098
79, -17.5,12.5,-65 ,0.66
21, -7.5,7.5,0 ,0.66
3, 2.5,17.5,0 ,0.260543
4, -2.5,17.5,0 ,1.05946
31, -17.5,2.5,0 ,0.989651
62, -12.5,-17.5,-0 ,0.0198631
31, -17.5,2.5,0 ,0.0194358
4, -2.5,17.5,0 ,0.448311
6, -12.5,17.5,0 ,0.341187
15, -17.5,12.5,0 ,0.66
7, -17.5,17.5,0 ,0.232969
15, -17.5,12.5,0 ,0.66
56, 17.5,-17.5,0 ,0.66
2, 7.5,17.5,0 ,0.66
6, -12.5,17.5,0 ,0.66
48, 17.5,-12.5,0 ,0.302502
57, 12.5,-17.5,0 ,0.66
24, 17.5,2.5,0 ,0.0986003
26, 7.5,2.5,0 ,0.868541
8, 17.5,12.5,0 ,0.370152
10, 7.5,12.5,0 ,0.289848
9, 12.5,12.5,0 ,0.66
64, 17.5,17.5,-65 ,0.66
43, 2.5,-7.5,0 ,0.423327
53, -7.5,-12.5,-0 ,0.236673
124, -2.5,-17.5,-65 ,0.0170413
12, -2.5,12.5,0 ,0.791935
33, 12.5,-2.5,0 ,0.258241
104, 17.5,-7.5,-65 ,0.66
25, 12.5,2.5,0 ,0.583417
39, -17.5,-2.5,-0 ,0.66
16, 17.5,7.5,0 ,0.757067
45, -7.5,-7.5,-0 ,0.66
119, -17.5,-12.5,-65 ,0.66
41, 12.5,-7.5,0 ,0.089721
63, -17.5,-17.5,-0 ,0.66
48, 17.5,-12.5,0 ,0.66
0, 17.5,17.5,0 ,0.66
1, 12.5,17.5,0 ,0.241775
2, 7.5,17.5,0 ,0.66
27, 2.5,2.5,0 ,0.66
91, 2.5,2.5,-65 ,0.66
43, 2.5,-7.5,0 ,0.66
1, 12.5,17.5,0 ,0.66
55, -17.5,-12.5,-0 ,0.387993
63, -17.5,-17.5,-0 ,0.932007
95, -17.5,2.5,-65 ,0.66
2, 7.5,17.5,0 ,0.0330518
61, -7.5,-17.5,-0 ,1.32
61, -7.5,-17.5,-0 ,0.66
63, -17.5,-17.5,-0 ,0.66
25, 12.5,2.5,0 ,0.290253
32, 17.5,-2.5,0 ,0.369747
53, -7.5,-12.5,-0 ,1.32
21, -7.5,7.5,0 ,0.137833
78, -12.5,12.5,-65 ,0.66
8, 17.5,12.5,0 ,0.181765
25, 12.5,2.5,0 ,0.478235
39, -17.5,-2.5,-0 ,0.0523157
56, 17.5,-17.5,0 ,0.136723
56, 17.5,-17.5,0 ,0.66
57, 12.5,-17.5,0 ,0.66
32, 17.5,-2.5,0 ,0.66
0, 17.5,17.5,0 ,0.464945
11, 2.5,12.5,0 ,0.66
21, -7.5,7.5,0 ,0.66
19, 2.5,7.5,0 ,0.66
105, 12.5,-7.5,-65 ,0.66
35, 2.5,-2.5,0 ,0.66
108, -2.5,-7.5,-65 ,0.66
59, 2.5,-17.5,0 ,0.349747
63, -17.5,-17.5,-0 ,0.361795
20, -2.5,7.5,0 ,0.447238
7, -17.5,17.5,0 ,0.458922
23, -17.5,7.5,0 ,0.201078
115, 2.5,-12.5,-65 ,0.66
20, -2.5,7.5,0 ,1.32
7, -17.5,17.5,0 ,0.873539
56, 17.5,-17.5,0 ,0.133207
41, 12.5,-7.5,0 ,0.163399
57, 12.5,-17.5,0 ,0.596965
15, -17.5,12.5,0 ,1.32
8, 17.5,12.5,0 ,0.0636841
2, 7.5,17.5,0 ,0.66
58, 7.5,-17.5,0 ,0.66
120, 17.5,-17.5,-65 ,0.157529
4, -2.5,17.5,0 ,0.66
48, 17.5,-12.5,0 ,0.66
40, 17.5,-7.5,0 ,0.822009
0, 17.5,17.5,0 ,0.448093
56, 17.5,-17.5,0 ,0.66
61, -7.5,-17.5,-0 ,0.66
39, -17.5,-2.5,-0 ,0.0428743
8, 17.5,12.5,0 ,0.66
4, -2.5,17.5,0 ,0.66
3, 2.5,17.5,0 ,0.66
15, -17.5,12.5,0 ,0.47257
103, -17.5,-2.5,-65 ,0.00354171
34, 7.5,-2.5,0 ,1.32
10, 7.5,12.5,0 ,0.85816
16, 17.5,7.5,0 ,0.66
18, 7.5,7.5,0 ,0.66
73, 12.5,12.5,-65 ,0.66
55, -17.5,-12.5,-0 ,0.39625
54, -12.5,-12.5,-0 ,0.66
38, -12.5,-2.5,-0 ,0.347843
47, -17.5,-7.5,-0 ,0.361695
5, -7.5,17.5,0 ,0.171923
7, -17.5,17.5,0 ,0.488077
32, 17.5,-2.5,0 ,0.0362872
88, 17.5,2.5,-65 ,0.411571
3, 2.5,17.5,0 ,0.66
1, 12.5,17.5,0 ,0.66
55, -17.5,-12.5,-0 ,0.362834
63, -17.5,-17.5,-0 ,0.297166
26, 7.5,2.5,0 ,0.750675
32, 17.5,-2.5,0 ,0.66
4, -2.5,17.5,0 ,0.660064
12, -2.5,12.5,0 ,0.113477
56, 17.5,-17.5,0 ,0.66
16, 17.5,7.5,0 ,0.978333
17, 12.5,7.5,0 ,0.187363
120, 17.5,-17.5,-65 ,0.347461
122, 7.5,-17.5,-65 ,0.312539
40, 17.5,-7.5,0 ,0.0888687
39, -17.5,-2.5,-0 ,0.911445
4, -2.5,17.5,0 ,0.021618
6, -12.5,17.5,0 ,0.105517
13, -7.5,12.5,0 ,0.203934
70, -12.5,17.5,-65 ,0.66
118, -12.5,-12.5,-65 ,0.66
28, -2.5,2.5,0 ,1.12886
63, -17.5,-17.5,-0 ,0.155153
63, -17.5,-17.5,-0 ,0.00771173
14, -12.5,12.5,0 ,0.66
39, -17.5,-2.5,-0 ,0.66
51, 2.5,-12.5,0 ,0.459756
56, 17.5,-17.5,0 ,0.246066
55, -17.5,-12.5,-0 ,0.66
101, -7.5,-2.5,-65 ,0.66
123, 2.5,-17.5,-65 ,0.66
16, 17.5,7.5,0 ,0.292917
32, 17.5,-2.5,0 ,0.367083
19, 2.5,7.5,0 ,1.01372
26, 7.5,2.5,0 ,0.306283
43, 2.5,-7.5,0 ,0.66
23, -17.5,7.5,0 ,0.381155
45, -7.5,-7.5,-0 ,1.32
45, -7.5,-7.5,-0 ,0.66
55, -17.5,-12.5,-0 ,0.227143
12, -2.5,12.5,0 ,0.33353
21, -7.5,7.5,0 ,0.167647
22, -12.5,7.5,0 ,0.158823
40, 17.5,-7.5,0 ,0.118783
5, -7.5,17.5,0 ,0.305885
7, -17.5,17.5,0 ,0.354115
4, -2.5,17.5,0 ,0.359908
32, 17.5,-2.5,0 ,0.66
16, 17.5,7.5,0 ,0.66
15, -17.5,12.5,0 ,0.66
33, 12.5,-2.5,0 ,0.66
55, -17.5,-12.5,-0 ,0.66
23, -17.5,7.5,0 ,0.66
34, 7.5,-2.5,0 ,0.186378
44, -2.5,-7.5,-0 ,0.473622
106, 7.5,-7.5,-65 ,0.66
15, -17.5,12.5,0 ,0.431119
31, -17.5,2.5,0 ,0.228881
15, -17.5,12.5,0 ,1.32
109, -7.5,-7.5,-65 ,0.309849
125, -7.5,-17.5,-65 ,0.350151
32, 17.5,-2.5,0 ,0.66
61, -7.5,-17.5,-0 ,0.66
27, 2.5,2.5,0 ,0.824109
29, -7.5,2.5,0 ,0.495891
20, -2.5,7.5,0 ,0.66
77, -7.5,12.5,-65 ,0.135232
34, 7.5,-2.5,0 ,0.193524
108, -2.5,-7.5,-65 ,0.648382
32, 17.5,-2.5,0 ,1.12828
3, 2.5,17.5,0 ,0.636454
19, 2.5,7.5,0 ,0.00542484
1, 12.5,17.5,0 ,0.286295
40, 17.5,-7.5,0 ,0.289193
56, 17.5,-17.5,0 ,0.376621
36, -2.5,-2.5,-0 ,0.66
1, 12.5,17.5,0 ,1.32
61, -7.5,-17.5,-0 ,0.338235
8, 17.5,12.5,0 ,0.847833
1, 12.5,17.5,0 ,0.882581
2, 7.5,17.5,0 ,0.179848
25, 12.5,2.5,0 ,1.32
60, -2.5,-17.5,-0 ,0.0784448
65, 12.5,17.5,-65 ,0.0320549
37, -7.5,-2.5,-0 ,0.637247
47, -17.5,-7.5,-0 ,0.219694
54, -12.5,-12.5,-0 ,0.180263
58, 7.5,-17.5,0 ,0.0635441
107, 2.5,-7.5,-65 ,0.0979069
28, -2.5,2.5,0 ,0.413203
85, -7.5,7.5,-65 ,0.267172
55, -17.5,-12.5,-0 ,0.345181
68, -2.5,17.5,-65 ,1.05252
85, -7.5,7.5,-65 ,0.267483
19, 2.5,7.5,0 ,1.32
40, 17.5,-7.5,0 ,0.66
40, 17.5,-7.5,0 ,0.81856
46, -12.5,-7.5,-0 ,1.05962
22, -12.5,7.5,0 ,0.66
56, 17.5,-17.5,0 ,0.763848
35, 2.5,-2.5,0 ,0.386558
45, -7.5,-7.5,-0 ,0.427874
117, -7.5,-12.5,-65 ,0.66
96, 17.5,-2.5,-65 ,0.198363
21, -7.5,7.5,0 ,0.66
16, 17.5,7.5,0 ,0.988226
16, 17.5,7.5,0 ,0.218077
32, 17.5,-2.5,0 ,0.441923
71, -17.5,17.5,-65 ,0.0629523
0, 17.5,17.5,0 ,0.66
17, 12.5,7.5,0 ,1.32
44, -2.5,-7.5,-0 ,0.0969583
52, -2.5,-12.5,-0 ,0.216169
60, -2.5,-17.5,-0 ,0.014794
61, -7.5,-17.5,-0 ,0.576974
8, 17.5,12.5,0 ,0.127608
32, 17.5,-2.5,0 ,0.114983
18, 7.5,7.5,0 ,0.66
74, 7.5,12.5,-65 ,0.66
71, -17.5,17.5,-65 ,0.66
3, 2.5,17.5,0 ,0.201293
34, 7.5,-2.5,0 ,0.66
62, -12.5,-17.5,-0 ,0.66
13, -7.5,12.5,0 ,0.772091
6, -12.5,17.5,0 ,0.29538
7, -17.5,17.5,0 ,0.625652
45, -7.5,-7.5,-0 ,0.564631
13, -7.5,12.5,0 ,0.218781
8, 17.5,12.5,0 ,1.32
21, -7.5,7.5,0 ,0.0909238
31, -17.5,2.5,0 ,0.621021
33, 12.5,-2.5,0 ,0.00548517
104, 17.5,-7.5,-65 ,0.108831
13, -7.5,12.5,0 ,0.53184
108, -2.5,-7.5,-65 ,0.790504
7, -17.5,17.5,0 ,1.05101
27, 2.5,2.5,0 ,0.136735
36, -2.5,-2.5,-0 ,0.347631
37, -7.5,-2.5,-0 ,0.175634
31, -17.5,2.5,0 ,0.66
0, 17.5,17.5,0 ,0.66
39, -17.5,-2.5,-0 ,1.03668
46, -12.5,-7.5,-0 ,0.283318
63, -17.5,-17.5,-0 ,0.291941
35, 2.5,-2.5,0 ,0.66
3, 2.5,17.5,0 ,0.66
5, -7.5,17.5,0 ,1.32
9, 12.5,12.5,0 ,0.466722
19, 2.5,7.5,0 ,0.193278
12, -2.5,12.5,0 ,0.381063
2, 7.5,17.5,0 ,0.196156
2, 7.5,17.5,0 ,0.398687
19, 2.5,7.5,0 ,0.261313
57, 12.5,-17.5,0 ,0.880483
38, -12.5,-2.5,-0 ,0.00564301
3, 2.5,17.5,0 ,1.07489
20, -2.5,7.5,0 ,0.245114
55, -17.5,-12.5,-0 ,0.386314
31, -17.5,2.5,0 ,0.193158
15, -17.5,12.5,0 ,0.334318
12, -2.5,12.5,0 ,0.449222
24, 17.5,2.5,0 ,0.290705
45, -7.5,-7.5,-0 ,0.0338297
4, -2.5,17.5,0 ,0.000984156
7, -17.5,17.5,0 ,0.36129
23, -17.5,7.5,0 ,0.95871
40, 17.5,-7.5,0 ,0.0135817
48, 17.5,-12.5,0 ,1.0548
0, 17.5,17.5,0 ,0.665073
2, 7.5,17.5,0 ,0.270969
39, -17.5,-2.5,-0 ,0.0214309
69, -7.5,17.5,-65 ,0.0539472
22, -12.5,7.5,0 ,0.305152
30, -12.5,2.5,0 ,0.354848
6, -12.5,17.5,0 ,0.66
56, 17.5,-17.5,0 ,0.66
58, 7.5,-17.5,0 ,1.32
32, 17.5,-2.5,0 ,1.32
41, 12.5,-7.5,0 ,0.795484
47, -17.5,-7.5,-0 ,0.31926
63, -17.5,-17.5,-0 ,0.34074
9, 12.5,12.5,0 ,0.469035
64, 17.5,17.5,-65 ,0.66
20, -2.5,7.5,0 ,0.374704
44, -2.5,-7.5,-0 ,0.285296
26, 7.5,2.5,0 ,0.331194
13, -7.5,12.5,0 ,0.437361
23, -17.5,7.5,0 ,0.222639
27, 2.5,2.5,0 ,0.66
32, 17.5,-2.5,0 ,0.446706
25, 12.5,2.5,0 ,0.103706
88, 17.5,2.5,-65 ,0.66
31, -17.5,2.5,0 ,0.395789
11, 2.5,12.5,0 ,0.66
14, -12.5,12.5,0 ,0.941224
61, -7.5,-17.5,-0 ,0.66
49, 12.5,-12.5,0 ,0.66
10, 7.5,12.5,0 ,0.0337319
66, 7.5,17.5,-65 ,0.196861
53, -7.5,-12.5,-0 ,0.091576
112, 17.5,-12.5,-65 ,0.568424
98, 7.5,-2.5,-65 ,1.32
63, -17.5,-17.5,-0 ,1.32
44, -2.5,-7.5,-0 ,0.692726
7, -17.5,17.5,0 ,0.125991
12, -2.5,12.5,0 ,0.66
68, -2.5,17.5,-65 ,0.66
12, -2.5,12.5,0 ,0.390616
22, -12.5,7.5,0 ,0.055636
30, -12.5,2.5,0 ,0.125393
38, -12.5,-2.5,-0 ,0.0883553
68, -2.5,17.5,-65 ,0.376468
69, -7.5,17.5,-65 ,0.283532
5, -7.5,17.5,0 ,0.18921
23, -17.5,7.5,0 ,0.0408118
39, -17.5,-2.5,-0 ,0.619188
48, 17.5,-12.5,0 ,0.221812
25, 12.5,2.5,0 ,1.00691
48, 17.5,-12.5,0 ,0.313087
52, -2.5,-12.5,-0 ,0.42463
61, -7.5,-17.5,-0 ,0.23537
59, 2.5,-17.5,0 ,0.217864
15, -17.5,12.5,0 ,0.66
19, 2.5,7.5,0 ,0.0893607
24, 17.5,2.5,0 ,1.32
19, 2.5,7.5,0 ,1.32
7, -17.5,17.5,0 ,0.883203
36, -2.5,-2.5,-0 ,0.370079
38, -12.5,-2.5,-0 ,0.289921
39, -17.5,-2.5,-0 ,0.58373
8, 17.5,12.5,0 ,0.727912
73, 12.5,12.5,-65 ,0.262225
90, 7.5,2.5,-65 ,0.283409
26, 7.5,2.5,0 ,0.0142193
89, 12.5,2.5,-65 ,0.276261
29, -7.5,2.5,0 ,0.320121
52, -2.5,-12.5,-0 ,0.339879
60, -2.5,-17.5,-0 ,0.250573
62, -12.5,-17.5,-0 ,0.409427
57, 12.5,-17.5,0 ,1.32
15, -17.5,12.5,0 ,0.695001
15, -17.5,12.5,0 ,0.348136
20, -2.5,7.5,0 ,0.551107
30, -12.5,2.5,0 ,0.420757
0, 17.5,17.5,0 ,0.486137
59, 2.5,-17.5,0 ,0.66
31, -17.5,2.5,0 ,0.182987
52, -2.5,-12.5,-0 ,0.314762
2, 7.5,17.5,0 ,0.279516
1, 12.5,17.5,0 ,0.66
0, 17.5,17.5,0 ,1.32
29, -7.5,2.5,0 ,0.100224
94, -12.5,2.5,-65 ,0.66
64, 17.5,17.5,-65 ,0.173093
10, 7.5,12.5,0 ,1.32
114, 7.5,-12.5,-65 ,0.178319
123, 2.5,-17.5,-65 ,0.160484
51, 2.5,-12.5,0 ,0.66
9, 12.5,12.5,0 ,0.66
64, 17.5,17.5,-65 ,0.66
10, 7.5,12.5,0 ,0.0842744
76, -2.5,12.5,-65 ,0.634631
49, 12.5,-12.5,0 ,0.235501
57, 12.5,-17.5,0 ,0.424499
52, -2.5,-12.5,-0 ,0.66
47, -17.5,-7.5,-0 ,0.349233
63, -17.5,-17.5,-0 ,0.00986888
31, -17.5,2.5,0 ,0.66
52, -2.5,-12.5,-0 ,0.66
37, -7.5,-2.5,-0 ,0.66
10, 7.5,12.5,0 ,1.09398
16, 17.5,7.5,0 ,0.66
2, 7.5,17.5,0 ,0.66
49, 12.5,-12.5,0 ,0.30024
8, 17.5,12.5,0 ,1.32
6, -12.5,17.5,0 ,0.0625502
7, -17.5,17.5,0 ,0.352777
40, 17.5,-7.5,0 ,1.32
60, -2.5,-17.5,-0 ,0.00747692
31, -17.5,2.5,0 ,0.66
4, -2.5,17.5,0 ,0.0964002
27, 2.5,2.5,0 ,0.422285
99, 2.5,-2.5,-65 ,0.66
40, 17.5,-7.5,0 ,0.66
3, 2.5,17.5,0 ,0.66
20, -2.5,7.5,0 ,0.283226
33, 12.5,-2.5,0 ,0.107988
7, -17.5,17.5,0 ,0.074978
54, -12.5,-12.5,-0 ,0.472941
63, -17.5,-17.5,-0 ,0.187059
13, -7.5,12.5,0 ,0.66
39, -17.5,-2.5,-0 ,0.939313
10, 7.5,12.5,0 ,1.0259
26, 7.5,2.5,0 ,0.294096
52, -2.5,-12.5,-0 ,0.227142
49, 12.5,-12.5,0 ,0.43512
58, 7.5,-17.5,0 ,0.22488
0, 17.5,17.5,0 ,0.66
49, 12.5,-12.5,0 ,0.919151
27, 2.5,2.5,0 ,0.10685
23, -17.5,7.5,0 ,0.00662478
34, 7.5,-2.5,0 ,0.297481
42, 7.5,-7.5,0 ,0.510897
33, 12.5,-2.5,0 ,0.391305
96, 17.5,-2.5,-65 ,0.199769
16, 17.5,7.5,0 ,0.0566114
1, 12.5,17.5,0 ,0.66
40, 17.5,-7.5,0 ,0.214051
57, 12.5,-17.5,0 ,0.445949
5, -7.5,17.5,0 ,0.66
86, -12.5,7.5,-65 ,0.637768
87, -17.5,7.5,-65 ,0.264705
95, -17.5,2.5,-65 ,0.104567
55, -17.5,-12.5,-0 ,1.13222
62, -12.5,-17.5,-0 ,0.187775
5, -7.5,17.5,0 ,0.826208
49, 12.5,-12.5,0 ,0.242045
6, -12.5,17.5,0 ,0.232338
35, 2.5,-2.5,0 ,0.277479
36, -2.5,-2.5,-0 ,0.382521
101, -7.5,-2.5,-65 ,0.239143
108, -2.5,-7.5,-65 ,0.0377053
42, 7.5,-7.5,0 ,0.0476733
121, 12.5,-17.5,-65 ,0.253604
49, 12.5,-12.5,0 ,0.66
19, 2.5,7.5,0 ,0.777509
4, -2.5,17.5,0 ,0.127457
18, 7.5,7.5,0 ,0.66
74, 7.5,12.5,-65 ,0.66
40, 17.5,-7.5,0 ,1.32
44, -2.5,-7.5,-0 ,0.0793355
31, -17.5,2.5,0 ,0.66
114, 7.5,-12.5,-65 ,0.127334
32, 17.5,-2.5,0 ,0.66
47, -17.5,-7.5,-0 ,0.226358
88, 17.5,2.5,-65 ,0.731895
104, 17.5,-7.5,-65 ,0.213435
11, 2.5,12.5,0 ,0.0705887
21, -7.5,7.5,0 ,0.589411
24, 17.5,2.5,0 ,0.0293176
33, 12.5,-2.5,0 ,0.225332
41, 12.5,-7.5,0 ,0.405351
57, 12.5,-17.5,0 ,0.382907
59, 2.5,-17.5,0 ,0.277093
39, -17.5,-2.5,-0 ,0.184922
95, -17.5,2.5,-65 ,0.0782327
56, 17.5,-17.5,0 ,0.66
98, 7.5,-2.5,-65 ,0.66
60, -2.5,-17.5,-0 ,0.66
2, 7.5,17.5,0 ,0.66
5, -7.5,17.5,0 ,0.328709
10, 7.5,12.5,0 ,0.326431
12, -2.5,12.5,0 ,0.00486068
65, 12.5,17.5,-65 ,0.66
20, -2.5,7.5,0 ,0.66
85, -7.5,7.5,-65 ,0.444601
48, 17.5,-12.5,0 ,0.117869
58, 7.5,-17.5,0 ,0.542131
45, -7.5,-7.5,-0 ,0.66
55, -17.5,-12.5,-0 ,0.66
47, -17.5,-7.5,-0 ,0.66
22, -12.5,7.5,0 ,0.399214
55, -17.5,-12.5,-0 ,0.31369
5, -7.5,17.5,0 ,0.183857
51, 2.5,-12.5,0 ,0.770531
7, -17.5,17.5,0 ,0.770384
54, -12.5,-12.5,-0 ,0.66
4, -2.5,17.5,0 ,0.235249
38, -12.5,-2.5,-0 ,0.426541
39, -17.5,-2.5,-0 ,0.507372
47, -17.5,-7.5,-0 ,0.386087
51, 2.5,-12.5,0 ,0.467951
122, 7.5,-17.5,-65 ,0.66
45, -7.5,-7.5,-0 ,0.197415
23, -17.5,7.5,0 ,0.289267
61, -7.5,-17.5,-0 ,1.32
52, -2.5,-12.5,-0 ,0.207158
61, -7.5,-17.5,-0 ,0.0893168
52, -2.5,-12.5,-0 ,0.671439
15, -17.5,12.5,0 ,0.325484
23, -17.5,7.5,0 ,0.334516
40, 17.5,-7.5,0 ,0.66
45, -7.5,-7.5,-0 ,0.829369
16, 17.5,7.5,0 ,0.742814
101, -7.5,-2.5,-65 ,0.136669
12, -2.5,12.5,0 ,0.106079
6, -12.5,17.5,0 ,0.66
51, 2.5,-12.5,0 ,0.204206
52, -2.5,-12.5,-0 ,0.455794
106, 7.5,-7.5,-65 ,0.292974
123, 2.5,-17.5,-65 ,0.367026
22, -12.5,7.5,0 ,0.0359942
25, 12.5,2.5,0 ,0.319998
34, 7.5,-2.5,0 ,0.652071
57, 12.5,-17.5,0 ,0.840042
59, 2.5,-17.5,0 ,0.28678
48, 17.5,-12.5,0 ,0.254167
51, 2.5,-12.5,0 ,0.354716
61, -7.5,-17.5,-0 ,0.107562
54, -12.5,-12.5,-0 ,0.66
4, -2.5,17.5,0 ,0.671576
76, -2.5,12.5,-65 ,0.363018
78, -12.5,12.5,-65 ,0.285407
74, 7.5,12.5,-65 ,0.242226
0, 17.5,17.5,0 ,0.66
33, 12.5,-2.5,0 ,0.805408
45, -7.5,-7.5,-0 ,0.27596
50, 7.5,-12.5,0 ,0.38404
23, -17.5,7.5,0 ,0.66
20, -2.5,7.5,0 ,1.32
113, 12.5,-12.5,-65 ,0.446909
122, 7.5,-17.5,-65 ,0.213091
59, 2.5,-17.5,0 ,0.66
0, 17.5,17.5,0 ,0.0949844
95, -17.5,2.5,-65 ,0.66
8, 17.5,12.5,0 ,0.66
6, -12.5,17.5,0 ,0.391273
37, -7.5,-2.5,-0 ,0.66
110, -12.5,-7.5,-65 ,0.170365
2, 7.5,17.5,0 ,0.66
10, 7.5,12.5,0 ,0.162714
47, -17.5,-7.5,-0 ,0.789739
16, 17.5,7.5,0 ,0.66
27, 2.5,2.5,0 ,0.923111
37, -7.5,-2.5,-0 ,0.194934
31, -17.5,2.5,0 ,0.553336
12, -2.5,12.5,0 ,0.397214
79, -17.5,12.5,-65 ,0.66
37, -7.5,-2.5,-0 ,0.146179
33, 12.5,-2.5,0 ,0.883026
7, -17.5,17.5,0 ,0.14884
19, 2.5,7.5,0 ,0.190142
45, -7.5,-7.5,-0 ,0.66
119, -17.5,-12.5,-65 ,0.66
56, 17.5,-17.5,0 ,0.179587
24, 17.5,2.5,0 ,0.66
63, -17.5,-17.5,-0 ,0.121867
50, 7.5,-12.5,0 ,0.585042
49, 12.5,-12.5,0 ,0.848437
58, 7.5,-17.5,0 ,0.471563
39, -17.5,-2.5,-0 ,0.195279
12, -2.5,12.5,0 ,0.414872
22, -12.5,7.5,0 ,0.245128
21, -7.5,7.5,0 ,0.444009
87, -17.5,7.5,-65 ,0.66
26, 7.5,2.5,0 ,1.00054
58, 7.5,-17.5,0 ,0.66
120, 17.5,-17.5,-65 ,0.165578
30, -12.5,2.5,0 ,0.66
37, -7.5,-2.5,-0 ,0.66
103, -17.5,-2.5,-65 ,0.66
2, 7.5,17.5,0 ,0.66
58, 7.5,-17.5,0 ,0.66
14, -12.5,12.5,0 ,0.180176
23, -17.5,7.5,0 ,1.13982
118, -12.5,-12.5,-65 ,0.0956132
27, 2.5,2.5,0 ,0.123631
7, -17.5,17.5,0 ,0.66
3, 2.5,17.5,0 ,0.456918
31, -17.5,2.5,0 ,0.0665579
75, 2.5,12.5,-65 ,0.593442
47, -17.5,-7.5,-0 ,0.66
8, 17.5,12.5,0 ,0.350929
24, 17.5,2.5,0 ,0.0289678
40, 17.5,-7.5,0 ,0.280103
4, -2.5,17.5,0 ,0.475315
42, 7.5,-7.5,0 ,0.0544406
59, 2.5,-17.5,0 ,0.605559
122, 7.5,-17.5,-65 ,0.66
80, 17.5,7.5,-65 ,0.373195
96, 17.5,-2.5,-65 ,0.286805
34, 7.5,-2.5,0 ,1.32
42, 7.5,-7.5,0 ,0.32538
22, -12.5,7.5,0 ,0.449475
55, -17.5,-12.5,-0 ,0.449219
63, -17.5,-17.5,-0 ,0.241014
4, -2.5,17.5,0 ,0.46254
43, 2.5,-7.5,0 ,0.423693
62, -12.5,-17.5,-0 ,0.0238428
63, -17.5,-17.5,-0 ,0.33995
30, -12.5,2.5,0 ,0.66
8, 17.5,12.5,0 ,0.66
12, -2.5,12.5,0 ,0.66
68, -2.5,17.5,-65 ,0.215626
56, 17.5,-17.5,0 ,0.786631
38, -12.5,-2.5,-0 ,0.375833
91, 2.5,2.5,-65 ,0.158915
107, 2.5,-7.5,-65 ,0.0376423
87, -17.5,7.5,-65 ,0.66
46, -12.5,-7.5,-0 ,0.000813865
63, -17.5,-17.5,-0 ,0.0033092
3, 2.5,17.5,0 ,0.238307
7, -17.5,17.5,0 ,0.66
26, 7.5,2.5,0 ,0.774208
15, -17.5,12.5,0 ,0.66
40, 17.5,-7.5,0 ,0.66
117, -7.5,-12.5,-65 ,0.846322
13, -7.5,12.5,0 ,0.165054
68, -2.5,17.5,-65 ,0.642688
4, -2.5,17.5,0 ,0.66
1, 12.5,17.5,0 ,0.855442
3, 2.5,17.5,0 ,0.182988
16, 17.5,7.5,0 ,1.32
0, 17.5,17.5,0 ,0.66
39, -17.5,-2.5,-0 ,0.271033
35, 2.5,-2.5,0 ,0.750848
52, -2.5,-12.5,-0 ,0.382567
71, -17.5,17.5,-65 ,0.16704
31, -17.5,2.5,0 ,0.66
20, -2.5,7.5,0 ,0.0746732
76, -2.5,12.5,-65 ,0.66
26, 7.5,2.5,0 ,0.66
40, 17.5,-7.5,0 ,0.9069
12, -2.5,12.5,0 ,0.578293
14, -12.5,12.5,0 ,0.244689
17, 12.5,7.5,0 ,0.66
80, 17.5,7.5,-65 ,0.66
7, -17.5,17.5,0 ,0.367243
0, 17.5,17.5,0 ,0.66
67, 2.5,17.5,-65 ,0.774841
49, 12.5,-12.5,0 ,0.66
48, 17.5,-12.5,0 ,0.0434024
55, -17.5,-12.5,-0 ,0.66
28, -2.5,2.5,0 ,0.00898335
100, -2.5,-2.5,-65 ,0.274993
107, 2.5,-7.5,-65 ,0.651017
117, -7.5,-12.5,-65 ,0.385007
28, -2.5,2.5,0 ,1.02019
45, -7.5,-7.5,-0 ,0.299811
28, -2.5,2.5,0 ,0.391343
38, -12.5,-2.5,-0 ,0.268657
27, 2.5,2.5,0 ,0.66
91, 2.5,2.5,-65 ,0.100192
31, -17.5,2.5,0 ,0.136155
69, -7.5,17.5,-65 ,0.248972
55, -17.5,-12.5,-0 ,0.338402
63, -17.5,-17.5,-0 ,0.321598
77, -7.5,12.5,-65 ,0.66
32, 17.5,-2.5,0 ,0.146996
40, 17.5,-7.5,0 ,0.858603
34, 7.5,-2.5,0 ,0.920956
3, 2.5,17.5,0 ,1.09646
20, -2.5,7.5,0 ,0.223542
19, 2.5,7.5,0 ,0.66
16, 17.5,7.5,0 ,0.466905
66, 7.5,17.5,-65 ,0.193928
18, 7.5,7.5,0 ,0.0671894
82, 7.5,7.5,-65 ,0.66
6, -12.5,17.5,0 ,0.0742782
44, -2.5,-7.5,-0 ,1.32
5, -7.5,17.5,0 ,0.66
18, 7.5,7.5,0 ,0.742254
42, 7.5,-7.5,0 ,0.329445
59, 2.5,-17.5,0 ,0.330555
66, 7.5,17.5,-65 ,0.127827
3, 2.5,17.5,0 ,0.66
3, 2.5,17.5,0 ,0.66
9, 12.5,12.5,0 ,0.66
59, 2.5,-17.5,0 ,0.109927
5, -7.5,17.5,0 ,0.736016
7, -17.5,17.5,0 ,0.31995
35, 2.5,-2.5,0 ,0.66
63, -17.5,-17.5,-0 ,0.19
14, -12.5,12.5,0 ,0.370227
61, -7.5,-17.5,-0 ,0.339907
59, 2.5,-17.5,0 ,0.423696
55, -17.5,-12.5,-0 ,0.043558
6, -12.5,17.5,0 ,0.463317
37, -7.5,-2.5,-0 ,0.20066
110, -12.5,-7.5,-65 ,0.66
4, -2.5,17.5,0 ,0.66
20, -2.5,7.5,0 ,0.226207
22, -12.5,7.5,0 ,0.433793
77, -7.5,12.5,-65 ,0.66
68, -2.5,17.5,-65 ,1.32
69, -7.5,17.5,-65 ,0.236637
32, 17.5,-2.5,0 ,0.177981
31, -17.5,2.5,0 ,0.66
41, 12.5,-7.5,0 ,0.66
112, 17.5,-12.5,-65 ,0.66
87, -17.5,7.5,-65 ,0.700657
8, 17.5,12.5,0 ,0.324554
18, 7.5,7.5,0 ,0.107679
20, -2.5,7.5,0 ,0.227767
64, 17.5,17.5,-65 ,0.352475
63, -17.5,-17.5,-0 ,0.66
21, -7.5,7.5,0 ,0.66
87, -17.5,7.5,-65 ,0.66
27, 2.5,2.5,0 ,0.66
63, -17.5,-17.5,-0 ,0.74655
39, -17.5,-2.5,-0 ,0.0320234
92, -2.5,2.5,-65 ,0.627977
95, -17.5,2.5,-65 ,0.125111
0, 17.5,17.5,0 ,0.539892
34, 7.5,-2.5,0 ,1.13191
44, -2.5,-7.5,-0 ,0.188094
33, 12.5,-2.5,0 ,0.771779
47, -17.5,-7.5,-0 ,0.66
87, -17.5,7.5,-65 ,0.38742
95, -17.5,2.5,-65 ,0.238977
103, -17.5,-2.5,-65 ,0.373789
20, -2.5,7.5,0 ,0.66
7, -17.5,17.5,0 ,0.394373
15, -17.5,12.5,0 ,0.598427
22, -12.5,7.5,0 ,0.00252014
0, 17.5,17.5,0 ,0.66
0, 17.5,17.5,0 ,0.436691
2, 7.5,17.5,0 ,0.66
113, 12.5,-12.5,-65 ,0.289829
120, 17.5,-17.5,-65 ,0.0237469
16, 17.5,7.5,0 ,0.66
22, -12.5,7.5,0 ,0.422289
24, 17.5,2.5,0 ,0.66
29, -7.5,2.5,0 ,0.66
40, 17.5,-7.5,0 ,0.6979
60, -2.5,-17.5,-0 ,0.804654
51, 2.5,-12.5,0 ,0.66
36, -2.5,-2.5,-0 ,0.512977
46, -12.5,-7.5,-0 ,0.147023
101, -7.5,-2.5,-65 ,0.66
18, 7.5,7.5,0 ,0.299241
20, -2.5,7.5,0 ,0.0759634
29, -7.5,2.5,0 ,0.13603
24, 17.5,2.5,0 ,0.66
32, 17.5,-2.5,0 ,0.499879
58, 7.5,-17.5,0 ,0.27919
58, 7.5,-17.5,0 ,0.975043
60, -2.5,-17.5,-0 ,0.344957
63, -17.5,-17.5,-0 ,0.671821
2, 7.5,17.5,0 ,0.66
15, -17.5,12.5,0 ,0.412416
22, -12.5,7.5,0 ,0.247584
42, 7.5,-7.5,0 ,0.425833
50, 7.5,-12.5,0 ,0.234167
25, 12.5,2.5,0 ,0.282053
57, 12.5,-17.5,0 ,0.790842
63, -17.5,-17.5,-0 ,0.119399
33, 12.5,-2.5,0 ,0.66
72, 17.5,12.5,-65 ,0.084537
112, 17.5,-12.5,-65 ,0.66
126, -12.5,-17.5,-65 ,0.66
6, -12.5,17.5,0 ,0.325743
7, -17.5,17.5,0 ,0.334257
88, 17.5,2.5,-65 ,0.179573
8, 17.5,12.5,0 ,0.66
3, 2.5,17.5,0 ,0.465904
64, 17.5,17.5,-65 ,1.32
42, 7.5,-7.5,0 ,0.0693851
41, 12.5,-7.5,0 ,0.66
7, -17.5,17.5,0 ,0.599153
26, 7.5,2.5,0 ,0.66
90, 7.5,2.5,-65 ,0.167243
1, 12.5,17.5,0 ,1.32
21, -7.5,7.5,0 ,0.291423
38, -12.5,-2.5,-0 ,0.368577
87, -17.5,7.5,-65 ,0.66
35, 2.5,-2.5,0 ,0.66
107, 2.5,-7.5,-65 ,0.66
54, -12.5,-12.5,-0 ,0.66
63, -17.5,-17.5,-0 ,0.66
51, 2.5,-12.5,0 ,0.66
60, -2.5,-17.5,-0 ,0.812421
61, -7.5,-17.5,-0 ,0.471185
62, -12.5,-17.5,-0 ,0.0363932
49, 12.5,-12.5,0 ,0.896639
0, 17.5,17.5,0 ,0.293387
13, -7.5,12.5,0 ,0.76861
53, -7.5,-12.5,-0 ,0.936523
8, 17.5,12.5,0 ,0.292717
37, -7.5,-2.5,-0 ,0.66
13, -7.5,12.5,0 ,0.255217
71, -17.5,17.5,-65 ,0.0157829
47, -17.5,-7.5,-0 ,0.328087
51, 2.5,-12.5,0 ,0.61974
7, -17.5,17.5,0 ,0.193376
40, 17.5,-7.5,0 ,0.763209
90, 7.5,2.5,-65 ,0.455432
97, 12.5,-2.5,-65 ,0.204568
59, 2.5,-17.5,0 ,0.249487
60, -2.5,-17.5,-0 ,0.410513
2, 7.5,17.5,0 ,1.32
53, -7.5,-12.5,-0 ,1.32
41, 12.5,-7.5,0 ,0.66
25, 12.5,2.5,0 ,1.10761
36, -2.5,-2.5,-0 ,0.0744395
112, 17.5,-12.5,-65 ,0.585561
32, 17.5,-2.5,0 ,0.66
6, -12.5,17.5,0 ,1.08452
59, 2.5,-17.5,0 ,0.872102
35, 2.5,-2.5,0 ,0.66
99, 2.5,-2.5,-65 ,0.200899
116, -2.5,-12.5,-65 ,0.459101
43, 2.5,-7.5,0 ,1.03806
60, -2.5,-17.5,-0 ,0.0453996
58, 7.5,-17.5,0 ,0.206153
47, -17.5,-7.5,-0 ,0.66
119, -17.5,-12.5,-65 ,0.294338
127, -17.5,-17.5,-65 ,0.478621
33, 12.5,-2.5,0 ,0.888725
50, 7.5,-12.5,0 ,0.0971608
20, -2.5,7.5,0 ,0.0344552
0, 17.5,17.5,0 ,0.391507
20, -2.5,7.5,0 ,0.344878
37, -7.5,-2.5,-0 ,0.315122
76, -2.5,12.5,-65 ,0.299788
86, -12.5,7.5,-65 ,0.360212
48, 17.5,-12.5,0 ,0.205536
2, 7.5,17.5,0 ,1.02709
19, 2.5,7.5,0 ,0.292908
38, -12.5,-2.5,-0 ,1.32
24, 17.5,2.5,0 ,0.66
26, 7.5,2.5,0 ,0.0989901
90, 7.5,2.5,-65 ,0.66
94, -12.5,2.5,-65 ,1.32
0, 17.5,17.5,0 ,0.070118
13, -7.5,12.5,0 ,0.866832
44, -2.5,-7.5,-0 ,0.66
7, -17.5,17.5,0 ,0.0131806
51, 2.5,-12.5,0 ,0.66
17, 12.5,7.5,0 ,0.66
110, -12.5,-7.5,-65 ,0.252103
125, -7.5,-17.5,-65 ,0.407897
0, 17.5,17.5,0 ,0.66
64, 17.5,17.5,-65 ,0.266023
29, -7.5,2.5,0 ,0.997134
8, 17.5,12.5,0 ,1.06431
24, 17.5,2.5,0 ,0.698781
19, 2.5,7.5,0 ,0.188337
13, -7.5,12.5,0 ,0.66
40, 17.5,-7.5,0 ,0.66
39, -17.5,-2.5,-0 ,0.66
24, 17.5,2.5,0 ,0.66
58, 7.5,-17.5,0 ,0.164967
60, -2.5,-17.5,-0 ,0.0160616
16, 17.5,7.5,0 ,0.66
48, 17.5,-12.5,0 ,0.66
114, 7.5,-12.5,-65 ,0.390939
116, -2.5,-12.5,-65 ,0.310101
0, 17.5,17.5,0 ,0.0710247
0, 17.5,17.5,0 ,0.810379
52, -2.5,-12.5,-0 ,0.66
11, 2.5,12.5,0 ,0.469268
57, 12.5,-17.5,0 ,0.381425
58, 7.5,-17.5,0 ,0.278575
105, 12.5,-7.5,-65 ,0.66
19, 2.5,7.5,0 ,0.66
8, 17.5,12.5,0 ,0.185673
53, -7.5,-12.5,-0 ,0.168869
55, -17.5,-12.5,-0 ,0.215153
63, -17.5,-17.5,-0 ,0.0354682
32, 17.5,-2.5,0 ,0.66
110, -12.5,-7.5,-65 ,0.66
0, 17.5,17.5,0 ,0.364048
121, 12.5,-17.5,-65 ,0.715154
63, -17.5,-17.5,-0 ,0.343903
31, -17.5,2.5,0 ,0.741004
62, -12.5,-17.5,-0 ,0.767874
27, 2.5,2.5,0 ,0.66
24, 17.5,2.5,0 ,0.522081
11, 2.5,12.5,0 ,0.66
26, 7.5,2.5,0 ,0.827914
17, 12.5,7.5,0 ,0.66
39, -17.5,-2.5,-0 ,0.66
23, -17.5,7.5,0 ,0.66
6, -12.5,17.5,0 ,0.915953
7, -17.5,17.5,0 ,0.404047
31, -17.5,2.5,0 ,0.983588
47, -17.5,-7.5,-0 ,0.336412
111, -17.5,-7.5,-65 ,1.32
36, -2.5,-2.5,-0 ,0.66
109, -7.5,-7.5,-65 ,0.111933
29, -7.5,2.5,0 ,0.815592
0, 17.5,17.5,0 ,0.66
6, -12.5,17.5,0 ,0.66
47, -17.5,-7.5,-0 ,0.66
33, 12.5,-2.5,0 ,0.179859
17, 12.5,7.5,0 ,0.66
10, 7.5,12.5,0 ,0.919079
27, 2.5,2.5,0 ,0.0646882
43, 2.5,-7.5,0 ,0.341633
45, -7.5,-7.5,-0 ,0.318367
115, 2.5,-12.5,-65 ,0.66
46, -12.5,-7.5,-0 ,0.66
0, 17.5,17.5,0 ,1.32
34, 7.5,-2.5,0 ,0.66
106, 7.5,-7.5,-65 ,0.66
7, -17.5,17.5,0 ,0.462886
62, -12.5,-17.5,-0 ,0.270882
30, -12.5,2.5,0 ,0.00929241
16, 17.5,7.5,0 ,0.101723
2, 7.5,17.5,0 ,0.528153
4, -2.5,17.5,0 ,0.283766
36, -2.5,-2.5,-0 ,0.401272
46, -12.5,-7.5,-0 ,0.258728
2, 7.5,17.5,0 ,0.66
27, 2.5,2.5,0 ,0.66
32, 17.5,-2.5,0 ,0.0816534
40, 17.5,-7.5,0 ,0.0100694
1, 12.5,17.5,0 ,0.369242
44, -2.5,-7.5,-0 ,0.0307356
55, -17.5,-12.5,-0 ,0.321668
3, 2.5,17.5,0 ,0.66
67, 2.5,17.5,-65 ,0.238108
69, -7.5,17.5,-65 ,0.190185
85, -7.5,7.5,-65 ,0.231707
56, 17.5,-17.5,0 ,0.625678
21, -7.5,7.5,0 ,0.66
78, -12.5,12.5,-65 ,0.66
23, -17.5,7.5,0 ,0.66
9, 12.5,12.5,0 ,0.66
64, 17.5,17.5,-65 ,0.66
53, -7.5,-12.5,-0 ,0.304466
126, -12.5,-17.5,-65 ,0.66
0, 17.5,17.5,0 ,0.872899
10, 7.5,12.5,0 ,0.121882
53, -7.5,-12.5,-0 ,0.66
5, -7.5,17.5,0 ,1.32
5, -7.5,17.5,0 ,0.437067
15, -17.5,12.5,0 ,0.222933
33, 12.5,-2.5,0 ,0.66
104, 17.5,-7.5,-65 ,0.0778855
2, 7.5,17.5,0 ,0.66
10, 7.5,12.5,0 ,0.66
24, 17.5,2.5,0 ,0.106694
56, 17.5,-17.5,0 ,0.0699322
41, 12.5,-7.5,0 ,0.66
58, 7.5,-17.5,0 ,0.66
18, 7.5,7.5,0 ,0.66
81, 12.5,7.5,-65 ,0.34076
98, 7.5,-2.5,-65 ,0.31924
3, 2.5,17.5,0 ,0.150451
39, -17.5,-2.5,-0 ,0.2241
47, -17.5,-7.5,-0 ,0.4359
55, -17.5,-12.5,-0 ,0.13052
67, 2.5,17.5,-65 ,0.52948
20, -2.5,7.5,0 ,0.132563
41, 12.5,-7.5,0 ,0.293256
39, -17.5,-2.5,-0 ,0.693216
32, 17.5,-2.5,0 ,0.288465
33, 12.5,-2.5,0 ,0.823921
5, -7.5,17.5,0 ,0.218662
42, 7.5,-7.5,0 ,1.04671
50, 7.5,-12.5,0 ,0.146438
58, 7.5,-17.5,0 ,0.126855
15, -17.5,12.5,0 ,0.926089
7, -17.5,17.5,0 ,0.12496
6, -12.5,17.5,0 ,0.66
2, 7.5,17.5,0 ,0.201214
4, -2.5,17.5,0 ,0.106472
50, 7.5,-12.5,0 ,0.300481
59, 2.5,-17.5,0 ,0.444093
105, 12.5,-7.5,-65 ,0.66
25, 12.5,2.5,0 ,0.61662
33, 12.5,-2.5,0 ,0.352773
34, 7.5,-2.5,0 ,0.00341133
41, 12.5,-7.5,0 ,0.133088
25, 12.5,2.5,0 ,0.66
96, 17.5,-2.5,-65 ,0.66
57, 12.5,-17.5,0 ,0.66
49, 12.5,-12.5,0 ,0.66
47, -17.5,-7.5,-0 ,1.01201
62, -12.5,-17.5,-0 ,0.307992
61, -7.5,-17.5,-0 ,0.371818
63, -17.5,-17.5,-0 ,0.468717
10, 7.5,12.5,0 ,0.660369
65, 12.5,17.5,-65 ,0.384702
72, 17.5,12.5,-65 ,0.0491502
28, -2.5,2.5,0 ,1.08717
5, -7.5,17.5,0 ,0.360908
7, -17.5,17.5,0 ,0.299092
104, 17.5,-7.5,-65 ,0.472611
120, 17.5,-17.5,-65 ,0.187389
50, 7.5,-12.5,0 ,0.66
17, 12.5,7.5,0 ,0.271301
34, 7.5,-2.5,0 ,0.0384803
36, -2.5,-2.5,-0 ,0.350219
80, 17.5,7.5,-65 ,0.66
4, -2.5,17.5,0 ,0.261956
5, -7.5,17.5,0 ,0.121955
12, -2.5,12.5,0 ,0.276089
28, -2.5,2.5,0 ,0.66
93, -7.5,2.5,-65 ,0.66
77, -7.5,12.5,-65 ,0.66
46, -12.5,-7.5,-0 ,0.0970016
55, -17.5,-12.5,-0 ,0.562998
1, 12.5,17.5,0 ,0.241201
11, 2.5,12.5,0 ,0.418799
16, 17.5,7.5,0 ,0.126287
30, -12.5,2.5,0 ,0.0306075
119, -17.5,-12.5,-65 ,0.0377271
127, -17.5,-17.5,-65 ,0.591665
86, -12.5,7.5,-65 ,0.470468
102, -12.5,-2.5,-65 ,0.261156
103, -17.5,-2.5,-65 ,0.588376
19, 2.5,7.5,0 ,0.66
35, 2.5,-2.5,0 ,0.66
25, 12.5,2.5,0 ,0.00578077
98, 7.5,-2.5,-65 ,0.654219
37, -7.5,-2.5,-0 ,0.66
17, 12.5,7.5,0 ,0.435857
19, 2.5,7.5,0 ,0.224143
64, 17.5,17.5,-65 ,0.10831
48, 17.5,-12.5,0 ,0.099766
60, -2.5,-17.5,-0 ,1.32
104, 17.5,-7.5,-65 ,0.66
105, 12.5,-7.5,-65 ,0.847595
122, 7.5,-17.5,-65 ,0.273686
4, -2.5,17.5,0 ,1.32
24, 17.5,2.5,0 ,0.305574
63, -17.5,-17.5,-0 ,0.245064
35, 2.5,-2.5,0 ,0.66
99, 2.5,-2.5,-65 ,0.026308
3, 2.5,17.5,0 ,0.160185
2, 7.5,17.5,0 ,1.32
9, 12.5,12.5,0 ,0.735257
24, 17.5,2.5,0 ,0.240063
26, 7.5,2.5,0 ,0.34468
76, -2.5,12.5,-65 ,0.426218
33, 12.5,-2.5,0 ,0.66
95, -17.5,2.5,-65 ,0.412294
2, 7.5,17.5,0 ,0.66
16, 17.5,7.5,0 ,0.66
19, 2.5,7.5,0 ,0.890233
29, -7.5,2.5,0 ,0.429767
40, 17.5,-7.5,0 ,0.731838
72, 17.5,12.5,-65 ,0.588162
5, -7.5,17.5,0 ,0.69577
15, -17.5,12.5,0 ,0.66
40, 17.5,-7.5,0 ,0.28845
41, 12.5,-7.5,0 ,0.0904514
42, 7.5,-7.5,0 ,0.281099
3, 2.5,17.5,0 ,0.66
13, -7.5,12.5,0 ,0.996328
23, -17.5,7.5,0 ,0.66
51, 2.5,-12.5,0 ,0.912925
60, -2.5,-17.5,-0 ,0.407075
3, 2.5,17.5,0 ,0.169871
32, 17.5,-2.5,0 ,0.837228
57, 12.5,-17.5,0 ,0.66
48, 17.5,-12.5,0 ,0.686935
31, -17.5,2.5,0 ,0.161046
33, 12.5,-2.5,0 ,0.384083
104, 17.5,-7.5,-65 ,0.100999
44, -2.5,-7.5,-0 ,0.931993
52, -2.5,-12.5,-0 ,0.438215
35, 2.5,-2.5,0 ,0.398063
40, 17.5,-7.5,0 ,1.32
19, 2.5,7.5,0 ,0.464407
28, -2.5,2.5,0 ,0.161579
29, -7.5,2.5,0 ,0.0429022
68, -2.5,17.5,-65 ,0.651113
7, -17.5,17.5,0 ,0.052595
66, 7.5,17.5,-65 ,0.358141
120, 17.5,-17.5,-65 ,0.0426464
121, 12.5,-17.5,-65 ,0.225381
53, -7.5,-12.5,-0 ,0.0459536
60, -2.5,-17.5,-0 ,1.27405
119, -17.5,-12.5,-65 ,0.433512
30, -12.5,2.5,0 ,0.66
36, -2.5,-2.5,-0 ,1.03769
46, -12.5,-7.5,-0 ,0.282311
39, -17.5,-2.5,-0 ,0.013155
55, -17.5,-12.5,-0 ,0.646845
4, -2.5,17.5,0 ,0.66
27, 2.5,2.5,0 ,0.194627
84, -2.5,7.5,-65 ,0.66
47, -17.5,-7.5,-0 ,0.66
11, 2.5,12.5,0 ,0.66
67, 2.5,17.5,-65 ,0.66
22, -12.5,7.5,0 ,0.166387
63, -17.5,-17.5,-0 ,0.66
31, -17.5,2.5,0 ,0.75819
2, 7.5,17.5,0 ,0.66
52, -2.5,-12.5,-0 ,0.66
51, 2.5,-12.5,0 ,0.0413282
27, 2.5,2.5,0 ,0.66
14, -12.5,12.5,0 ,0.295271
54, -12.5,-12.5,-0 ,0.364729
24, 17.5,2.5,0 ,0.114498
27, 2.5,2.5,0 ,0.315643
34, 7.5,-2.5,0 ,0.229859
7, -17.5,17.5,0 ,0.66
26, 7.5,2.5,0 ,0.66
30, -12.5,2.5,0 ,0.0310124
110, -12.5,-7.5,-65 ,0.168915
33, 12.5,-2.5,0 ,0.470969
28, -2.5,2.5,0 ,0.66
17, 12.5,7.5,0 ,0.66
31, -17.5,2.5,0 ,0.447714
36, -2.5,-2.5,-0 ,0.121755
100, -2.5,-2.5,-65 ,0.406607
117, -7.5,-12.5,-65 ,0.253393
47, -17.5,-7.5,-0 ,0.758623
24, 17.5,2.5,0 ,0.66
39, -17.5,-2.5,-0 ,0.66
23, -17.5,7.5,0 ,0.66
87, -17.5,7.5,-65 ,0.66
48, 17.5,-12.5,0 ,0.311705
58, 7.5,-17.5,0 ,0.0490501
12, -2.5,12.5,0 ,0.688633
9, 12.5,12.5,0 ,0.66
66, 7.5,17.5,-65 ,0.66
77, -7.5,12.5,-65 ,0.809707
56, 17.5,-17.5,0 ,0.121391
1, 12.5,17.5,0 ,0.529766
9, 12.5,12.5,0 ,0.140337
64, 17.5,17.5,-65 ,0.236846
89, 12.5,2.5,-65 ,0.364381
99, 2.5,-2.5,-65 ,0.295619
11, 2.5,12.5,0 ,0.728621
47, -17.5,-7.5,-0 ,0.66
49, 12.5,-12.5,0 ,0.66
51, 2.5,-12.5,0 ,0.3056
61, -7.5,-17.5,-0 ,0.3544
117, -7.5,-12.5,-65 ,1.32
38, -12.5,-2.5,-0 ,0.350566
39, -17.5,-2.5,-0 ,0.113542
0, 17.5,17.5,0 ,0.66
0, 17.5,17.5,0 ,0.869179
22, -12.5,7.5,0 ,0.298549
39, -17.5,-2.5,-0 ,0.361451
14, -12.5,12.5,0 ,0.197751
59, 2.5,-17.5,0 ,0.66
1, 12.5,17.5,0 ,0.66
24, 17.5,2.5,0 ,1.32
37, -7.5,-2.5,-0 ,0.921947
63, -17.5,-17.5,-0 ,0.0811069
40, 17.5,-7.5,0 ,0.66
14, -12.5,12.5,0 ,0.218653
15, -17.5,12.5,0 ,1.10135
26, 7.5,2.5,0 ,0.66
2, 7.5,17.5,0 ,0.247071
57, 12.5,-17.5,0 ,1.32
24, 17.5,2.5,0 ,0.66
56, 17.5,-17.5,0 ,0.66
44, -2.5,-7.5,-0 ,0.00883809
49, 12.5,-12.5,0 ,0.398417
57, 12.5,-17.5,0 ,0.0437342
7, -17.5,17.5,0 ,0.374769
88, 17.5,2.5,-65 ,0.66
37, -7.5,-2.5,-0 ,0.0300305
32, 17.5,-2.5,0 ,1.10549
49, 12.5,-12.5,0 ,0.214509
16, 17.5,7.5,0 ,0.66
31, -17.5,2.5,0 ,0.124602
52, -2.5,-12.5,-0 ,0.0723236
31, -17.5,2.5,0 ,0.66
59, 2.5,-17.5,0 ,0.66
2, 7.5,17.5,0 ,0.34064
69, -7.5,17.5,-65 ,0.607297
28, -2.5,2.5,0 ,1.32
25, 12.5,2.5,0 ,0.0746222
80, 17.5,7.5,-65 ,0.410085
97, 12.5,-2.5,-65 ,0.249915
4, -2.5,17.5,0 ,0.173684
14, -12.5,12.5,0 ,0.486316
1, 12.5,17.5,0 ,0.66
115, 2.5,-12.5,-65 ,0.66
43, 2.5,-7.5,0 ,0.319311
53, -7.5,-12.5,-0 ,0.376149
39, -17.5,-2.5,-0 ,0.66
40, 17.5,-7.5,0 ,0.709854
40, 17.5,-7.5,0 ,0.66
7, -17.5,17.5,0 ,0.0273183
17, 12.5,7.5,0 ,0.66
72, 17.5,12.5,-65 ,0.66
47, -17.5,-7.5,-0 ,0.255043
6, -12.5,17.5,0 ,0.66
8, 17.5,12.5,0 ,0.3141
5, -7.5,17.5,0 ,0.665817
15, -17.5,12.5,0 ,0.241708
15, -17.5,12.5,0 ,0.192883
72, 17.5,12.5,-65 ,0.303865
18, 7.5,7.5,0 ,0.66
6, -12.5,17.5,0 ,0.147437
43, 2.5,-7.5,0 ,0.192259
114, 7.5,-12.5,-65 ,0.235283
10, 7.5,12.5,0 ,0.261696
8, 17.5,12.5,0 ,0.66
45, -7.5,-7.5,-0 ,0.0416742
119, -17.5,-12.5,-65 ,0.66
87, -17.5,7.5,-65 ,1.32
127, -17.5,-17.5,-65 ,0.66
37, -7.5,-2.5,-0 ,0.291491
53, -7.5,-12.5,-0 ,0.111504
5, -7.5,17.5,0 ,0.290711
12, -2.5,12.5,0 ,1.02929
20, -2.5,7.5,0 ,0.941925
7, -17.5,17.5,0 ,1.32
56, 17.5,-17.5,0 ,0.66
23, -17.5,7.5,0 ,0.66
53, -7.5,-12.5,-0 ,0.45673
62, -12.5,-17.5,-0 ,0.20327
5, -7.5,17.5,0 ,0.811586
7, -17.5,17.5,0 ,0.508414
17, 12.5,7.5,0 ,0.384621
87, -17.5,7.5,-65 ,0.0441461
3, 2.5,17.5,0 ,0.252225
23, -17.5,7.5,0 ,0.438181
123, 2.5,-17.5,-65 ,0.927373
11, 2.5,12.5,0 ,0.671966
49, 12.5,-12.5,0 ,0.223695
35, 2.5,-2.5,0 ,1.12261
1, 12.5,17.5,0 ,0.0709222
20, -2.5,7.5,0 ,0.66
104, 17.5,-7.5,-65 ,0.66
13, -7.5,12.5,0 ,0.486307
71, -17.5,17.5,-65 ,0.0809978
30, -12.5,2.5,0 ,0.66
54, -12.5,-12.5,-0 ,0.66
33, 12.5,-2.5,0 ,0.671148
45, -7.5,-7.5,-0 ,0.640105
92, -2.5,2.5,-65 ,0.368895
102, -12.5,-2.5,-65 ,0.291105
44, -2.5,-7.5,-0 ,0.249529
54, -12.5,-12.5,-0 ,0.0325195
60, -2.5,-17.5,-0 ,0.410471
11, 2.5,12.5,0 ,0.209832
13, -7.5,12.5,0 ,0.0116853
2, 7.5,17.5,0 ,0.29302
25, 12.5,2.5,0 ,0.66
1, 12.5,17.5,0 ,0.66
12, -2.5,12.5,0 ,0.302597
94, -12.5,2.5,-65 ,0.357403
51, 2.5,-12.5,0 ,0.66
32, 17.5,-2.5,0 ,0.173257
54, -12.5,-12.5,-0 ,0.66
118, -12.5,-12.5,-65 ,0.233829
119, -17.5,-12.5,-65 ,0.426171
35, 2.5,-2.5,0 ,0.66
42, 7.5,-7.5,0 ,0.831601
42, 7.5,-7.5,0 ,0.236213
59, 2.5,-17.5,0 ,0.0838856
113, 12.5,-12.5,-65 ,0.0342072
33, 12.5,-2.5,0 ,0.66
47, -17.5,-7.5,-0 ,0.13496
63, -17.5,-17.5,-0 ,0.66
47, -17.5,-7.5,-0 ,0.078757
116, -2.5,-12.5,-65 ,0.440072
125, -7.5,-17.5,-65 ,0.141171
9, 12.5,12.5,0 ,0.66
64, 17.5,17.5,-65 ,0.66
59, 2.5,-17.5,0 ,0.66
48, 17.5,-12.5,0 ,0.66
44, -2.5,-7.5,-0 ,0.157145
117, -7.5,-12.5,-65 ,0.350661
48, 17.5,-12.5,0 ,0.66
43, 2.5,-7.5,0 ,0.294759
53, -7.5,-12.5,-0 ,0.365241
123, 2.5,-17.5,-65 ,0.161149
104, 17.5,-7.5,-65 ,0.0669244
41, 12.5,-7.5,0 ,1.00534
58, 7.5,-17.5,0 ,0.314663
3, 2.5,17.5,0 ,0.257551
40, 17.5,-7.5,0 ,0.927418
27, 2.5,2.5,0 ,0.66
31, -17.5,2.5,0 ,0.281486
54, -12.5,-12.5,-0 ,0.125254
68, -2.5,17.5,-65 ,0.141136
1, 12.5,17.5,0 ,0.0270901
53, -7.5,-12.5,-0 ,0.66
35, 2.5,-2.5,0 ,0.199334
107, 2.5,-7.5,-65 ,0.66
19, 2.5,7.5,0 ,0.66
82, 7.5,7.5,-65 ,0.0661632
51, 2.5,-12.5,0 ,0.66
50, 7.5,-12.5,0 ,0.0666298
58, 7.5,-17.5,0 ,0.59337
116, -2.5,-12.5,-65 ,0.487568
46, -12.5,-7.5,-0 ,0.309631
47, -17.5,-7.5,-0 ,0.350369
45, -7.5,-7.5,-0 ,0.402782
53, -7.5,-12.5,-0 ,0.257218
109, -7.5,-7.5,-65 ,0.66
10, 7.5,12.5,0 ,0.66
0, 17.5,17.5,0 ,0.66
89, 12.5,2.5,-65 ,0.66
7, -17.5,17.5,0 ,0.66
3, 2.5,17.5,0 ,0.155646
13, -7.5,12.5,0 ,0.134698
79, -17.5,12.5,-65 ,0.66
63, -17.5,-17.5,-0 ,0.0161511
61, -7.5,-17.5,-0 ,0.123494
68, -2.5,17.5,-65 ,0.35118
91, 2.5,2.5,-65 ,0.185326
73, 12.5,12.5,-65 ,1.11884
75, 2.5,12.5,-65 ,0.201163
22, -12.5,7.5,0 ,0.0693234
31, -17.5,2.5,0 ,0.121795
56, 17.5,-17.5,0 ,0.0218997
39, -17.5,-2.5,-0 ,0.66
15, -17.5,12.5,0 ,0.102726
92, -2.5,2.5,-65 ,0.557274
38, -12.5,-2.5,-0 ,0.66
47, -17.5,-7.5,-0 ,0.66
95, -17.5,2.5,-65 ,0.66
34, 7.5,-2.5,0 ,1.32
55, -17.5,-12.5,-0 ,1.32
78, -12.5,12.5,-65 ,0.770046
36, -2.5,-2.5,-0 ,0.66
109, -7.5,-7.5,-65 ,0.182546
90, 7.5,2.5,-65 ,0.66
11, 2.5,12.5,0 ,0.168382
47, -17.5,-7.5,-0 ,0.66
19, 2.5,7.5,0 ,1.00492
21, -7.5,7.5,0 ,0.315084
11, 2.5,12.5,0 ,0.66
66, 7.5,17.5,-65 ,0.66
54, -12.5,-12.5,-0 ,0.253149
61, -7.5,-17.5,-0 ,0.406851
31, -17.5,2.5,0 ,0.66
82, 7.5,7.5,-65 ,0.66
42, 7.5,-7.5,0 ,1.32
17, 12.5,7.5,0 ,0.230948
72, 17.5,12.5,-65 ,0.66
4, -2.5,17.5,0 ,0.66
23, -17.5,7.5,0 ,0.66
66, 7.5,17.5,-65 ,0.66
2, 7.5,17.5,0 ,0.0208972
56, 17.5,-17.5,0 ,0.169276
46, -12.5,-7.5,-0 ,0.93196
39, -17.5,-2.5,-0 ,0.66
13, -7.5,12.5,0 ,0.66
70, -12.5,17.5,-65 ,0.66
33, 12.5,-2.5,0 ,0.148943
53, -7.5,-12.5,-0 ,0.204087
47, -17.5,-7.5,-0 ,0.136847
47, -17.5,-7.5,-0 ,0.66
16, 17.5,7.5,0 ,0.66
10, 7.5,12.5,0 ,0.776971
59, 2.5,-17.5,0 ,0.265491
42, 7.5,-7.5,0 ,0.0967926
8, 17.5,12.5,0 ,1.32
33, 12.5,-2.5,0 ,0.66
96, 17.5,-2.5,-65 ,0.337993
113, 12.5,-12.5,-65 ,0.322007
123, 2.5,-17.5,-65 ,0.66
97, 12.5,-2.5,-65 ,0.66
0, 17.5,17.5,0 ,0.27797
8, 17.5,12.5,0 ,0.38203
58, 7.5,-17.5,0 ,0.782191
21, -7.5,7.5,0 ,0.66
3, 2.5,17.5,0 ,0.66
9, 12.5,12.5,0 ,0.385231
25, 12.5,2.5,0 ,0.274769
16, 17.5,7.5,0 ,0.285419
32, 17.5,-2.5,0 ,0.205862
10, 7.5,12.5,0 ,0.0839167
18, 7.5,7.5,0 ,0.120917
81, 12.5,7.5,-65 ,0.66
104, 17.5,-7.5,-65 ,0.177644
5, -7.5,17.5,0 ,0.66
61, -7.5,-17.5,-0 ,0.66
57, 12.5,-17.5,0 ,0.825329
53, -7.5,-12.5,-0 ,0.729541
24, 17.5,2.5,0 ,0.66
22, -12.5,7.5,0 ,0.300759
24, 17.5,2.5,0 ,0.127724
34, 7.5,-2.5,0 ,0.66
106, 7.5,-7.5,-65 ,0.66
15, -17.5,12.5,0 ,0.66
17, 12.5,7.5,0 ,0.66
18, 7.5,7.5,0 ,0.66
4, -2.5,17.5,0 ,0.257285
106, 7.5,-7.5,-65 ,0.196463
114, 7.5,-12.5,-65 ,0.0587344
64, 17.5,17.5,-65 ,0.66
6, -12.5,17.5,0 ,0.916217
50, 7.5,-12.5,0 ,0.413291
59, 2.5,-17.5,0 ,0.246709
55, -17.5,-12.5,-0 ,0.66
19, 2.5,7.5,0 ,0.00699583
68, -2.5,17.5,-65 ,0.352101
85, -7.5,7.5,-65 ,0.300903
5, -7.5,17.5,0 ,0.66
0, 17.5,17.5,0 ,0.309082
42, 7.5,-7.5,0 ,0.0215515
79, -17.5,12.5,-65 ,0.66
48, 17.5,-12.5,0 ,0.66
8, 17.5,12.5,0 ,0.66
3, 2.5,17.5,0 ,0.66
45, -7.5,-7.5,-0 ,0.291398
61, -7.5,-17.5,-0 ,0.368602
119, -17.5,-12.5,-65 ,0.66
27, 2.5,2.5,0 ,0.457032
44, -2.5,-7.5,-0 ,0.22835
126, -12.5,-17.5,-65 ,0.634618
6, -12.5,17.5,0 ,0.248889
13, -7.5,12.5,0 ,1.07111
22, -12.5,7.5,0 ,0.0684188
38, -12.5,-2.5,-0 ,0.116057
74, 7.5,12.5,-65 ,0.66
11, 2.5,12.5,0 ,0.66
67, 2.5,17.5,-65 ,0.66
72, 17.5,12.5,-65 ,0.911326
23, -17.5,7.5,0 ,0.487082
43, 2.5,-7.5,0 ,0.29353
60, -2.5,-17.5,-0 ,0.36647
123, 2.5,-17.5,-65 ,0.270848
125, -7.5,-17.5,-65 ,0.389152
79, -17.5,12.5,-65 ,0.66
50, 7.5,-12.5,0 ,0.66
24, 17.5,2.5,0 ,0.66
15, -17.5,12.5,0 ,0.66
50, 7.5,-12.5,0 ,0.66
123, 2.5,-17.5,-65 ,0.66
81, 12.5,7.5,-65 ,1.32
47, -17.5,-7.5,-0 ,0.277627
11, 2.5,12.5,0 ,0.658354
28, -2.5,2.5,0 ,0.661646
11, 2.5,12.5,0 ,0.415721
28, -2.5,2.5,0 ,0.244279
39, -17.5,-2.5,-0 ,0.66
35, 2.5,-2.5,0 ,0.263158
64, 17.5,17.5,-65 ,1.11383
34, 7.5,-2.5,0 ,0.66
105, 12.5,-7.5,-65 ,0.66
20, -2.5,7.5,0 ,0.66
85, -7.5,7.5,-65 ,0.66
19, 2.5,7.5,0 ,1.32
10, 7.5,12.5,0 ,0.66
66, 7.5,17.5,-65 ,0.418632
2, 7.5,17.5,0 ,0.66
3, 2.5,17.5,0 ,0.66
14, -12.5,12.5,0 ,1.02036
2, 7.5,17.5,0 ,0.320138
19, 2.5,7.5,0 ,0.339862
52, -2.5,-12.5,-0 ,0.66
13, -7.5,12.5,0 ,0.0460567
66, 7.5,17.5,-65 ,0.333918
67, 2.5,17.5,-65 ,0.280025
7, -17.5,17.5,0 ,0.210924
23, -17.5,7.5,0 ,0.456562
24, 17.5,2.5,0 ,0.126567
29, -7.5,2.5,0 ,0.703371
21, -7.5,7.5,0 ,0.66
55, -17.5,-12.5,-0 ,0.100393
27, 2.5,2.5,0 ,0.66
40, 17.5,-7.5,0 ,0.78774
53, -7.5,-12.5,-0 ,0.66
19, 2.5,7.5,0 ,1.32
