38, -12.5,-2.5,-0 ,0.194858
39, -17.5,-2.5,-0 ,0.465142
110, -12.5,-7.5,-65 ,0.328931
126, -12.5,-17.5,-65 ,0.331069
33, 12.5,-2.5,0 ,0.246122
43, 2.5,-7.5,0 ,0.66
50, 7.5,-12.5,0 ,0.413878
35, 2.5,-2.5,0 ,0.66
52, -2.5,-12.5,-0 ,0.300152
57, 12.5,-17.5,0 ,0.542528
58, 7.5,-17.5,0 ,0.146937
16, 17.5,7.5,0 ,0.45771
26, 7.5,2.5,0 ,0.66
59, 2.5,-17.5,0 ,0.521476
112, 17.5,-12.5,-65 ,0.60792
56, 17.5,-17.5,0 ,0.66
40, 17.5,-7.5,0 ,0.00394024
48, 17.5,-12.5,0 ,0.309912
4, -2.5,17.5,0 ,0.994165
76, -2.5,12.5,-65 ,0.450791
77, -7.5,12.5,-65 ,0.209209
3, 2.5,17.5,0 ,0.643414
0, 17.5,17.5,0 ,1.32
24, 17.5,2.5,0 ,0.262041
101, -7.5,-2.5,-65 ,0.66
45, -7.5,-7.5,-0 ,0.0676977
27, 2.5,2.5,0 ,0.230052
60, -2.5,-17.5,-0 ,0.225848
63, -17.5,-17.5,-0 ,0.165573
37, -7.5,-2.5,-0 ,0.870007
63, -17.5,-17.5,-0 ,0.52007
43, 2.5,-7.5,0 ,0.66
61, -7.5,-17.5,-0 ,0.66
41, 12.5,-7.5,0 ,1.02003
48, 17.5,-12.5,0 ,0.299971
16, 17.5,7.5,0 ,0.0958116
24, 17.5,2.5,0 ,0.0829653
32, 17.5,-2.5,0 ,0.481223
24, 17.5,2.5,0 ,0.66
55, -17.5,-12.5,-0 ,0.135431
33, 12.5,-2.5,0 ,0.130612
46, -12.5,-7.5,-0 ,0.184354
61, -7.5,-17.5,-0 ,0.66
56, 17.5,-17.5,0 ,0.66
35, 2.5,-2.5,0 ,0.684365
78, -12.5,12.5,-65 ,0.113797
30, -12.5,2.5,0 ,0.66
90, 7.5,2.5,-65 ,0.421542
107, 2.5,-7.5,-65 ,0.238458
33, 12.5,-2.5,0 ,0.892055
24, 17.5,2.5,0 ,0.66
91, 2.5,2.5,-65 ,0.66
70, -12.5,17.5,-65 ,0.66
55, -17.5,-12.5,-0 ,0.66
32, 17.5,-2.5,0 ,0.933416
8, 17.5,12.5,0 ,0.00675061
64, 17.5,17.5,-65 ,0.653249
5, -7.5,17.5,0 ,0.66
15, -17.5,12.5,0 ,0.51698
31, -17.5,2.5,0 ,0.196217
54, -12.5,-12.5,-0 ,0.988178
54, -12.5,-12.5,-0 ,0.66
47, -17.5,-7.5,-0 ,0.255104
52, -2.5,-12.5,-0 ,0.473788
59, 2.5,-17.5,0 ,0.429129
60, -2.5,-17.5,-0 ,0.230871
32, 17.5,-2.5,0 ,0.217743
49, 12.5,-12.5,0 ,0.442257
125, -7.5,-17.5,-65 ,0.273345
126, -12.5,-17.5,-65 ,0.386655
24, 17.5,2.5,0 ,0.66
44, -2.5,-7.5,-0 ,1.32
42, 7.5,-7.5,0 ,0.337896
58, 7.5,-17.5,0 ,0.322104
34, 7.5,-2.5,0 ,0.127629
85, -7.5,7.5,-65 ,0.250687
102, -12.5,-2.5,-65 ,0.409313
89, 12.5,2.5,-65 ,0.252219
91, 2.5,2.5,-65 ,0.407781
21, -7.5,7.5,0 ,0.66
59, 2.5,-17.5,0 ,0.66
59, 2.5,-17.5,0 ,1.07894
61, -7.5,-17.5,-0 ,0.241057
60, -2.5,-17.5,-0 ,0.66
19, 2.5,7.5,0 ,1.11329
29, -7.5,2.5,0 ,0.206714
106, 7.5,-7.5,-65 ,0.66
62, -12.5,-17.5,-0 ,0.66
49, 12.5,-12.5,0 ,1.32
125, -7.5,-17.5,-65 ,0.164239
35, 2.5,-2.5,0 ,1.32
39, -17.5,-2.5,-0 ,0.327875
45, -7.5,-7.5,-0 ,1.00274
3, 2.5,17.5,0 ,0.66
3, 2.5,17.5,0 ,0.66
110, -12.5,-7.5,-65 ,0.134828
64, 17.5,17.5,-65 ,0.66
26, 7.5,2.5,0 ,0.66
56, 17.5,-17.5,0 ,0.923322
16, 17.5,7.5,0 ,0.66
77, -7.5,12.5,-65 ,0.306873
93, -7.5,2.5,-65 ,0.353127
35, 2.5,-2.5,0 ,0.66
33, 12.5,-2.5,0 ,0.66
43, 2.5,-7.5,0 ,0.66
50, 7.5,-12.5,0 ,0.66
59, 2.5,-17.5,0 ,0.0603311
112, 17.5,-12.5,-65 ,0.599669
13, -7.5,12.5,0 ,0.162301
22, -12.5,7.5,0 ,0.497699
23, -17.5,7.5,0 ,0.66
56, 17.5,-17.5,0 ,0.0856886
31, -17.5,2.5,0 ,0.369007
26, 7.5,2.5,0 ,0.322786
33, 12.5,-2.5,0 ,1.05389
59, 2.5,-17.5,0 ,0.0357351
3, 2.5,17.5,0 ,0.66
23, -17.5,7.5,0 ,1.32
7, -17.5,17.5,0 ,0.676302
52, -2.5,-12.5,-0 ,0.66
60, -2.5,-17.5,-0 ,0.66
116, -2.5,-12.5,-65 ,0.66
53, -7.5,-12.5,-0 ,0.196529
37, -7.5,-2.5,-0 ,0.66
104, 17.5,-7.5,-65 ,0.173048
36, -2.5,-2.5,-0 ,0.806127
36, -2.5,-2.5,-0 ,0.00882187
5, -7.5,17.5,0 ,0.295508
6, -12.5,17.5,0 ,0.82812
58, 7.5,-17.5,0 ,0.122521
31, -17.5,2.5,0 ,0.0157279
47, -17.5,-7.5,-0 ,0.170184
84, -2.5,7.5,-65 ,0.434503
17, 12.5,7.5,0 ,0.147466
87, -17.5,7.5,-65 ,0.66
1, 12.5,17.5,0 ,0.66
35, 2.5,-2.5,0 ,0.0866958
73, 12.5,12.5,-65 ,0.573304
96, 17.5,-2.5,-65 ,0.66
35, 2.5,-2.5,0 ,0.667906
51, 2.5,-12.5,0 ,1.09765
56, 17.5,-17.5,0 ,0.66
16, 17.5,7.5,0 ,1.12194
33, 12.5,-2.5,0 ,0.198059
86, -12.5,7.5,-65 ,0.748618
7, -17.5,17.5,0 ,0.66
120, 17.5,-17.5,-65 ,0.66
3, 2.5,17.5,0 ,0.242379
7, -17.5,17.5,0 ,0.190261
59, 2.5,-17.5,0 ,0.204292
63, -17.5,-17.5,-0 ,0.455708
5, -7.5,17.5,0 ,0.403299
1, 12.5,17.5,0 ,0.19556
2, 7.5,17.5,0 ,0.29069
3, 2.5,17.5,0 ,0.17375
17, 12.5,7.5,0 ,0.381707
43, 2.5,-7.5,0 ,0.278293
79, -17.5,12.5,-65 ,0.193534
8, 17.5,12.5,0 ,0.455533
54, -12.5,-12.5,-0 ,0.66
121, 12.5,-17.5,-65 ,0.301725
58, 7.5,-17.5,0 ,1.32
125, -7.5,-17.5,-65 ,0.365308
98, 7.5,-2.5,-65 ,0.345159
8, 17.5,12.5,0 ,0.161007
24, 17.5,2.5,0 ,0.0664225
67, 2.5,17.5,-65 ,0.0609014
33, 12.5,-2.5,0 ,1.03583
50, 7.5,-12.5,0 ,0.284166
0, 17.5,17.5,0 ,0.66
63, -17.5,-17.5,-0 ,0.66
0, 17.5,17.5,0 ,0.944827
25, 12.5,2.5,0 ,0.346721
54, -12.5,-12.5,-0 ,0.66
107, 2.5,-7.5,-65 ,0.177271
63, -17.5,-17.5,-0 ,0.66
27, 2.5,2.5,0 ,0.205247
35, 2.5,-2.5,0 ,0.146375
36, -2.5,-2.5,-0 ,0.968378
62, -12.5,-17.5,-0 ,0.290817
63, -17.5,-17.5,-0 ,1.02918
33, 12.5,-2.5,0 ,0.432133
43, 2.5,-7.5,0 ,0.039429
117, -7.5,-12.5,-65 ,0.777232
127, -17.5,-17.5,-65 ,0.24569
29, -7.5,2.5,0 ,0.66
64, 17.5,17.5,-65 ,0.291417
16, 17.5,7.5,0 ,0.00393557
83, 2.5,7.5,-65 ,0.0923909
89, 12.5,2.5,-65 ,0.656064
11, 2.5,12.5,0 ,0.0697567
93, -7.5,2.5,-65 ,0.112944
71, -17.5,17.5,-65 ,0.66
42, 7.5,-7.5,0 ,0.254376
48, 17.5,-12.5,0 ,0.253887
8, 17.5,12.5,0 ,1.32
28, -2.5,2.5,0 ,0.191117
37, -7.5,-2.5,-0 ,0.834325
27, 2.5,2.5,0 ,0.244157
42, 7.5,-7.5,0 ,0.126915
59, 2.5,-17.5,0 ,0.288928
27, 2.5,2.5,0 ,0.145605
44, -2.5,-7.5,-0 ,0.514395
55, -17.5,-12.5,-0 ,0.972626
17, 12.5,7.5,0 ,0.464567
75, 2.5,12.5,-65 ,0.282517
21, -7.5,7.5,0 ,0.193137
23, -17.5,7.5,0 ,0.466863
108, -2.5,-7.5,-65 ,0.679838
43, 2.5,-7.5,0 ,0.66
73, 12.5,12.5,-65 ,0.995775
83, 2.5,7.5,-65 ,0.324225
32, 17.5,-2.5,0 ,0.52679
107, 2.5,-7.5,-65 ,0.437581
92, -2.5,2.5,-65 ,0.171132
101, -7.5,-2.5,-65 ,0.195412
109, -7.5,-7.5,-65 ,0.293456
29, -7.5,2.5,0 ,0.694637
112, 17.5,-12.5,-65 ,0.66
53, -7.5,-12.5,-0 ,0.66
23, -17.5,7.5,0 ,0.431561
39, -17.5,-2.5,-0 ,0.228439
32, 17.5,-2.5,0 ,0.251328
37, -7.5,-2.5,-0 ,1.32
105, 12.5,-7.5,-65 ,0.290509
112, 17.5,-12.5,-65 ,0.369491
10, 7.5,12.5,0 ,1.32
7, -17.5,17.5,0 ,0.66
15, -17.5,12.5,0 ,0.343153
31, -17.5,2.5,0 ,0.316847
67, 2.5,17.5,-65 ,0.288965
27, 2.5,2.5,0 ,0.66
0, 17.5,17.5,0 ,0.983707
53, -7.5,-12.5,-0 ,0.66
60, -2.5,-17.5,-0 ,0.954715
86, -12.5,7.5,-65 ,0.126747
13, -7.5,12.5,0 ,0.461213
29, -7.5,2.5,0 ,0.198787
3, 2.5,17.5,0 ,0.66
3, 2.5,17.5,0 ,0.377358
20, -2.5,7.5,0 ,0.282642
39, -17.5,-2.5,-0 ,0.348012
7, -17.5,17.5,0 ,0.27153
7, -17.5,17.5,0 ,0.488086
59, 2.5,-17.5,0 ,0.66
59, 2.5,-17.5,0 ,0.0161098
7, -17.5,17.5,0 ,0.682949
24, 17.5,2.5,0 ,0.784984
41, 12.5,-7.5,0 ,0.0431036
17, 12.5,7.5,0 ,0.66
19, 2.5,7.5,0 ,0.66
0, 17.5,17.5,0 ,0.693734
2, 7.5,17.5,0 ,0.256124
40, 17.5,-7.5,0 ,0.194566
42, 7.5,-7.5,0 ,0.487031
111, -17.5,-7.5,-65 ,0.0621331
96, 17.5,-2.5,-65 ,0.66
63, -17.5,-17.5,-0 ,0.66
3, 2.5,17.5,0 ,1.32
45, -7.5,-7.5,-0 ,0.66
48, 17.5,-12.5,0 ,0.66
125, -7.5,-17.5,-65 ,0.66
8, 17.5,12.5,0 ,0.415663
11, 2.5,12.5,0 ,0.237334
16, 17.5,7.5,0 ,0.66
24, 17.5,2.5,0 ,0.676249
66, 7.5,17.5,-65 ,0.435367
65, 12.5,17.5,-65 ,0.240513
88, 17.5,2.5,-65 ,0.66
113, 12.5,-12.5,-65 ,0.523007
40, 17.5,-7.5,0 ,0.254962
115, 2.5,-12.5,-65 ,0.66
11, 2.5,12.5,0 ,0.355041
18, 7.5,7.5,0 ,0.674416
31, -17.5,2.5,0 ,0.559497
40, 17.5,-7.5,0 ,0.0136408
109, -7.5,-7.5,-65 ,0.66
29, -7.5,2.5,0 ,0.66
6, -12.5,17.5,0 ,0.66
81, 12.5,7.5,-65 ,0.182343
90, 7.5,2.5,-65 ,0.230215
91, 2.5,2.5,-65 ,0.429785
85, -7.5,7.5,-65 ,0.66
59, 2.5,-17.5,0 ,0.66
58, 7.5,-17.5,0 ,0.0714176
92, -2.5,2.5,-65 ,0.588582
60, -2.5,-17.5,-0 ,0.66
7, -17.5,17.5,0 ,0.66
48, 17.5,-12.5,0 ,0.261839
57, 12.5,-17.5,0 ,0.398161
7, -17.5,17.5,0 ,0.66
65, 12.5,17.5,-65 ,0.88807
9, 12.5,12.5,0 ,0.66
1, 12.5,17.5,0 ,0.66
49, 12.5,-12.5,0 ,0.197909
82, 7.5,7.5,-65 ,0.462091
56, 17.5,-17.5,0 ,0.66
5, -7.5,17.5,0 ,0.66
64, 17.5,17.5,-65 ,0.66
11, 2.5,12.5,0 ,0.18154
21, -7.5,7.5,0 ,0.0980762
8, 17.5,12.5,0 ,0.126061
88, 17.5,2.5,-65 ,0.885179
57, 12.5,-17.5,0 ,0.906324
23, -17.5,7.5,0 ,0.392888
29, -7.5,2.5,0 ,0.267112
117, -7.5,-12.5,-65 ,0.362103
124, -2.5,-17.5,-65 ,0.297897
23, -17.5,7.5,0 ,0.66
56, 17.5,-17.5,0 ,0.66
16, 17.5,7.5,0 ,0.822358
33, 12.5,-2.5,0 ,0.497642
24, 17.5,2.5,0 ,0.731855
45, -7.5,-7.5,-0 ,1.32
69, -7.5,17.5,-65 ,0.66
39, -17.5,-2.5,-0 ,0.0944268
34, 7.5,-2.5,0 ,0.986537
11, 2.5,12.5,0 ,0.130039
21, -7.5,7.5,0 ,0.529961
58, 7.5,-17.5,0 ,0.155862
87, -17.5,7.5,-65 ,0.66
88, 17.5,2.5,-65 ,0.66
69, -7.5,17.5,-65 ,1.10513
29, -7.5,2.5,0 ,0.889251
29, -7.5,2.5,0 ,0.66
55, -17.5,-12.5,-0 ,0.71532
3, 2.5,17.5,0 ,0.66
59, 2.5,-17.5,0 ,0.269179
16, 17.5,7.5,0 ,1.32
13, -7.5,12.5,0 ,1.32
60, -2.5,-17.5,-0 ,0.164141
21, -7.5,7.5,0 ,0.66
72, 17.5,12.5,-65 ,0.66
13, -7.5,12.5,0 ,0.66
63, -17.5,-17.5,-0 ,0.443829
32, 17.5,-2.5,0 ,0.66
41, 12.5,-7.5,0 ,0.882631
57, 12.5,-17.5,0 ,0.189618
6, -12.5,17.5,0 ,0.66
37, -7.5,-2.5,-0 ,0.66
47, -17.5,-7.5,-0 ,0.0639847
88, 17.5,2.5,-65 ,0.529696
57, 12.5,-17.5,0 ,0.66
19, 2.5,7.5,0 ,0.682527
64, 17.5,17.5,-65 ,0.637473
7, -17.5,17.5,0 ,1.32
37, -7.5,-2.5,-0 ,0.0336554
29, -7.5,2.5,0 ,0.275892
39, -17.5,-2.5,-0 ,0.00631597
55, -17.5,-12.5,-0 ,0.909891
63, -17.5,-17.5,-0 ,0.410109
0, 17.5,17.5,0 ,0.374027
3, 2.5,17.5,0 ,0.285973
45, -7.5,-7.5,-0 ,0.111564
57, 12.5,-17.5,0 ,1.07579
35, 2.5,-2.5,0 ,1.32
58, 7.5,-17.5,0 ,0.440439
0, 17.5,17.5,0 ,0.66
30, -12.5,2.5,0 ,0.22163
89, 12.5,2.5,-65 ,0.66
38, -12.5,-2.5,-0 ,0.66
105, 12.5,-7.5,-65 ,0.66
0, 17.5,17.5,0 ,0.325545
15, -17.5,12.5,0 ,0.970984
44, -2.5,-7.5,-0 ,0.239084
52, -2.5,-12.5,-0 ,0.66
69, -7.5,17.5,-65 ,0.606232
13, -7.5,12.5,0 ,1.32
24, 17.5,2.5,0 ,0.66
91, 2.5,2.5,-65 ,0.000700042
127, -17.5,-17.5,-65 ,0.66
47, -17.5,-7.5,-0 ,0.66
15, -17.5,12.5,0 ,0.40452
31, -17.5,2.5,0 ,0.25548
30, -12.5,2.5,0 ,0.66
88, 17.5,2.5,-65 ,0.4508
105, 12.5,-7.5,-65 ,0.2092
55, -17.5,-12.5,-0 ,0.66
6, -12.5,17.5,0 ,0.0663438
59, 2.5,-17.5,0 ,0.66
80, 17.5,7.5,-65 ,0.00334763
35, 2.5,-2.5,0 ,0.806593
56, 17.5,-17.5,0 ,0.439458
3, 2.5,17.5,0 ,0.66
1, 12.5,17.5,0 ,0.66
100, -2.5,-2.5,-65 ,0.401771
11, 2.5,12.5,0 ,1.32
2, 7.5,17.5,0 ,0.66
61, -7.5,-17.5,-0 ,0.182762
39, -17.5,-2.5,-0 ,0.0604444
55, -17.5,-12.5,-0 ,0.201932
58, 7.5,-17.5,0 ,0.0773927
125, -7.5,-17.5,-65 ,0.66
53, -7.5,-12.5,-0 ,0.862381
62, -12.5,-17.5,-0 ,0.457619
32, 17.5,-2.5,0 ,0.176713
107, 2.5,-7.5,-65 ,0.65821
8, 17.5,12.5,0 ,0.125982
78, -12.5,12.5,-65 ,0.66
37, -7.5,-2.5,-0 ,0.434402
47, -17.5,-7.5,-0 ,0.225598
85, -7.5,7.5,-65 ,0.679106
94, -12.5,2.5,-65 ,0.101182
122, 7.5,-17.5,-65 ,0.0984197
123, 2.5,-17.5,-65 ,0.0151718
103, -17.5,-2.5,-65 ,0.66
29, -7.5,2.5,0 ,1.08665
56, 17.5,-17.5,0 ,0.66
24, 17.5,2.5,0 ,0.765281
34, 7.5,-2.5,0 ,0.207028
41, 12.5,-7.5,0 ,0.347691
40, 17.5,-7.5,0 ,0.781756
39, -17.5,-2.5,-0 ,0.991813
55, -17.5,-12.5,-0 ,0.328187
31, -17.5,2.5,0 ,0.502813
27, 2.5,2.5,0 ,0.0707771
89, 12.5,2.5,-65 ,0.589223
37, -7.5,-2.5,-0 ,1.32
49, 12.5,-12.5,0 ,0.423727
46, -12.5,-7.5,-0 ,0.407674
121, 12.5,-17.5,-65 ,0.223667
65, 12.5,17.5,-65 ,0.66
47, -17.5,-7.5,-0 ,0.66
63, -17.5,-17.5,-0 ,0.66
21, -7.5,7.5,0 ,0.66
0, 17.5,17.5,0 ,0.66
38, -12.5,-2.5,-0 ,0.66
105, 12.5,-7.5,-65 ,0.139606
18, 7.5,7.5,0 ,0.0437066
1, 12.5,17.5,0 ,0.11873
9, 12.5,12.5,0 ,1.10507
71, -17.5,17.5,-65 ,0.66
91, 2.5,2.5,-65 ,0.66
64, 17.5,17.5,-65 ,0.66
25, 12.5,2.5,0 ,0.66
87, -17.5,7.5,-65 ,0.66
32, 17.5,-2.5,0 ,0.0414395
41, 12.5,-7.5,0 ,0.204757
49, 12.5,-12.5,0 ,0.455243
38, -12.5,-2.5,-0 ,0.019628
97, 12.5,-2.5,-65 ,0.66
120, 17.5,-17.5,-65 ,0.441175
103, -17.5,-2.5,-65 ,0.947879
43, 2.5,-7.5,0 ,0.150797
71, -17.5,17.5,-65 ,0.352585
87, -17.5,7.5,-65 ,0.256498
37, -7.5,-2.5,-0 ,0.128612
47, -17.5,-7.5,-0 ,0.531388
12, -2.5,12.5,0 ,0.339638
11, 2.5,12.5,0 ,0.133046
21, -7.5,7.5,0 ,0.526954
23, -17.5,7.5,0 ,0.66
2, 7.5,17.5,0 ,0.365515
48, 17.5,-12.5,0 ,0.66
63, -17.5,-17.5,-0 ,0.0528599
122, 7.5,-17.5,-65 ,0.66
23, -17.5,7.5,0 ,1.32
59, 2.5,-17.5,0 ,0.0260356
43, 2.5,-7.5,0 ,0.317452
87, -17.5,7.5,-65 ,0.66
62, -12.5,-17.5,-0 ,0.66
59, 2.5,-17.5,0 ,1.32
57, 12.5,-17.5,0 ,0.380837
13, -7.5,12.5,0 ,0.467988
5, -7.5,17.5,0 ,0.66
55, -17.5,-12.5,-0 ,0.66
63, -17.5,-17.5,-0 ,0.152154
33, 12.5,-2.5,0 ,0.464051
62, -12.5,-17.5,-0 ,1.32
55, -17.5,-12.5,-0 ,0.171883
123, 2.5,-17.5,-65 ,0.122091
58, 7.5,-17.5,0 ,0.212526
59, 2.5,-17.5,0 ,0.447474
30, -12.5,2.5,0 ,0.66
19, 2.5,7.5,0 ,1.32
23, -17.5,7.5,0 ,0.152549
52, -2.5,-12.5,-0 ,0.66
51, 2.5,-12.5,0 ,0.66
61, -7.5,-17.5,-0 ,0.0527346
54, -12.5,-12.5,-0 ,0.122303
63, -17.5,-17.5,-0 ,0.0513153
0, 17.5,17.5,0 ,0.66
0, 17.5,17.5,0 ,0.124863
37, -7.5,-2.5,-0 ,0.66
62, -12.5,-17.5,-0 ,0.66
43, 2.5,-7.5,0 ,0.66
59, 2.5,-17.5,0 ,0.66
0, 17.5,17.5,0 ,0.469651
37, -7.5,-2.5,-0 ,0.420287
56, 17.5,-17.5,0 ,0.66
123, 2.5,-17.5,-65 ,0.66
23, -17.5,7.5,0 ,0.111152
39, -17.5,-2.5,-0 ,0.00190729
49, 12.5,-12.5,0 ,0.766693
5, -7.5,17.5,0 ,0.365279
0, 17.5,17.5,0 ,0.376336
29, -7.5,2.5,0 ,0.188176
88, 17.5,2.5,-65 ,0.442319
23, -17.5,7.5,0 ,0.150344
22, -12.5,7.5,0 ,0.229692
23, -17.5,7.5,0 ,0.430308
125, -7.5,-17.5,-65 ,0.66
19, 2.5,7.5,0 ,0.66
77, -7.5,12.5,-65 ,0.694329
47, -17.5,-7.5,-0 ,0.0641699
0, 17.5,17.5,0 ,0.725013
17, 12.5,7.5,0 ,0.66
8, 17.5,12.5,0 ,0.66
56, 17.5,-17.5,0 ,0.401006
98, 7.5,-2.5,-65 ,0.0469286
88, 17.5,2.5,-65 ,0.0770719
4, -2.5,17.5,0 ,0.213937
110, -12.5,-7.5,-65 ,0.276714
59, 2.5,-17.5,0 ,0.66
8, 17.5,12.5,0 ,0.133382
65, 12.5,17.5,-65 ,0.279943
58, 7.5,-17.5,0 ,0.66
8, 17.5,12.5,0 ,0.66
18, 7.5,7.5,0 ,0.66
41, 12.5,-7.5,0 ,0.755731
51, 2.5,-12.5,0 ,0.218504
61, -7.5,-17.5,-0 ,0.345764
26, 7.5,2.5,0 ,0.385061
35, 2.5,-2.5,0 ,0.274939
0, 17.5,17.5,0 ,0.66
13, -7.5,12.5,0 ,0.66
62, -12.5,-17.5,-0 ,0.144604
23, -17.5,7.5,0 ,0.66
66, 7.5,17.5,-65 ,0.152876
62, -12.5,-17.5,-0 ,0.66
55, -17.5,-12.5,-0 ,0.66
24, 17.5,2.5,0 ,0.66
43, 2.5,-7.5,0 ,0.724677
31, -17.5,2.5,0 ,0.66
92, -2.5,2.5,-65 ,0.237118
96, 17.5,-2.5,-65 ,0.0395825
59, 2.5,-17.5,0 ,0.66
58, 7.5,-17.5,0 ,0.66
24, 17.5,2.5,0 ,0.66
32, 17.5,-2.5,0 ,0.844495
117, -7.5,-12.5,-65 ,0.475505
53, -7.5,-12.5,-0 ,0.11718
62, -12.5,-17.5,-0 ,0.275588
63, -17.5,-17.5,-0 ,0.0543047
0, 17.5,17.5,0 ,1.32
3, 2.5,17.5,0 ,0.66
7, -17.5,17.5,0 ,0.66
40, 17.5,-7.5,0 ,0.12642
101, -7.5,-2.5,-65 ,0.288208
58, 7.5,-17.5,0 ,0.226287
11, 2.5,12.5,0 ,0.799353
13, -7.5,12.5,0 ,0.152272
30, -12.5,2.5,0 ,0.66
89, 12.5,2.5,-65 ,0.336228
106, 7.5,-7.5,-65 ,0.323772
30, -12.5,2.5,0 ,0.020811
33, 12.5,-2.5,0 ,0.045454
35, 2.5,-2.5,0 ,0.0190496
42, 7.5,-7.5,0 ,0.247517
43, 2.5,-7.5,0 ,0.656514
14, -12.5,12.5,0 ,0.66
65, 12.5,17.5,-65 ,0.207743
82, 7.5,7.5,-65 ,0.452257
63, -17.5,-17.5,-0 ,0.113774
56, 17.5,-17.5,0 ,0.71864
98, 7.5,-2.5,-65 ,0.78824
14, -12.5,12.5,0 ,0.306653
30, -12.5,2.5,0 ,1.01335
35, 2.5,-2.5,0 ,1.32
26, 7.5,2.5,0 ,0.692261
80, 17.5,7.5,-65 ,0.245042
0, 17.5,17.5,0 ,0.433029
0, 17.5,17.5,0 ,0.66
18, 7.5,7.5,0 ,0.321169
11, 2.5,12.5,0 ,0.66
21, -7.5,7.5,0 ,0.66
45, -7.5,-7.5,-0 ,0.33804
53, -7.5,-12.5,-0 ,0.32196
5, -7.5,17.5,0 ,0.734014
105, 12.5,-7.5,-65 ,0.0348236
79, -17.5,12.5,-65 ,0.354376
47, -17.5,-7.5,-0 ,0.66
7, -17.5,17.5,0 ,0.170868
66, 7.5,17.5,-65 ,0.66
79, -17.5,12.5,-65 ,0.44227
94, -12.5,2.5,-65 ,0.21773
126, -12.5,-17.5,-65 ,0.66
94, -12.5,2.5,-65 ,0.66
4, -2.5,17.5,0 ,0.23455
4, -2.5,17.5,0 ,0.66
38, -12.5,-2.5,-0 ,0.790702
52, -2.5,-12.5,-0 ,0.313914
40, 17.5,-7.5,0 ,0.0352596
48, 17.5,-12.5,0 ,0.230742
58, 7.5,-17.5,0 ,0.114395
57, 12.5,-17.5,0 ,0.66
62, -12.5,-17.5,-0 ,0.279554
9, 12.5,12.5,0 ,0.66
126, -12.5,-17.5,-65 ,0.0033155
5, -7.5,17.5,0 ,0.493526
28, -2.5,2.5,0 ,0.00489858
45, -7.5,-7.5,-0 ,0.306818
55, -17.5,-12.5,-0 ,0.66
62, -12.5,-17.5,-0 ,0.353182
46, -12.5,-7.5,-0 ,0.458734
19, 2.5,7.5,0 ,0.0927867
27, 2.5,2.5,0 ,0.869997
70, -12.5,17.5,-65 ,1.11774
79, -17.5,12.5,-65 ,0.202265
27, 2.5,2.5,0 ,0.144927
32, 17.5,-2.5,0 ,0.66
117, -7.5,-12.5,-65 ,0.316138
0, 17.5,17.5,0 ,0.19186
0, 17.5,17.5,0 ,1.1139
11, 2.5,12.5,0 ,1.11675
5, -7.5,17.5,0 ,0.66
5, -7.5,17.5,0 ,0.228347
21, -7.5,7.5,0 ,0.431653
51, 2.5,-12.5,0 ,1.32
4, -2.5,17.5,0 ,0.157112
32, 17.5,-2.5,0 ,0.274854
3, 2.5,17.5,0 ,0.216087
11, 2.5,12.5,0 ,0.210964
27, 2.5,2.5,0 ,0.23295
4, -2.5,17.5,0 ,1.32
67, 2.5,17.5,-65 ,0.90713
69, -7.5,17.5,-65 ,0.0968699
40, 17.5,-7.5,0 ,0.66
125, -7.5,-17.5,-65 ,0.66
50, 7.5,-12.5,0 ,0.732836
15, -17.5,12.5,0 ,0.244783
80, 17.5,7.5,-65 ,0.0740671
97, 12.5,-2.5,-65 ,0.341149
109, -7.5,-7.5,-65 ,1.32
47, -17.5,-7.5,-0 ,0.053307
41, 12.5,-7.5,0 ,0.0360095
50, 7.5,-12.5,0 ,0.227856
3, 2.5,17.5,0 ,0.232065
51, 2.5,-12.5,0 ,0.288924
64, 17.5,17.5,-65 ,0.66
29, -7.5,2.5,0 ,0.22829
35, 2.5,-2.5,0 ,0.43171
96, 17.5,-2.5,-65 ,0.66
23, -17.5,7.5,0 ,0.718684
56, 17.5,-17.5,0 ,0.66
118, -12.5,-12.5,-65 ,0.760912
55, -17.5,-12.5,-0 ,0.105435
63, -17.5,-17.5,-0 ,0.554565
41, 12.5,-7.5,0 ,0.66
47, -17.5,-7.5,-0 ,0.66
105, 12.5,-7.5,-65 ,0.142282
114, 7.5,-12.5,-65 ,0.556541
115, 2.5,-12.5,-65 ,0.103459
16, 17.5,7.5,0 ,0.424435
32, 17.5,-2.5,0 ,0.235565
83, 2.5,7.5,-65 ,0.383391
100, -2.5,-2.5,-65 ,0.276609
40, 17.5,-7.5,0 ,0.66
74, 7.5,12.5,-65 ,0.268099
81, 12.5,7.5,-65 ,0.465376
95, -17.5,2.5,-65 ,0.66
6, -12.5,17.5,0 ,0.66
99, 2.5,-2.5,-65 ,0.394507
56, 17.5,-17.5,0 ,0.362012
53, -7.5,-12.5,-0 ,0.0328806
6, -12.5,17.5,0 ,0.550671
79, -17.5,12.5,-65 ,0.709275
86, -12.5,7.5,-65 ,0.0431521
111, -17.5,-7.5,-65 ,0.294073
9, 12.5,12.5,0 ,0.88294
39, -17.5,-2.5,-0 ,0.367383
47, -17.5,-7.5,-0 ,0.292617
24, 17.5,2.5,0 ,0.66
44, -2.5,-7.5,-0 ,1.32
23, -17.5,7.5,0 ,0.703726
0, 17.5,17.5,0 ,0.404641
0, 17.5,17.5,0 ,0.0215846
10, 7.5,12.5,0 ,0.66
13, -7.5,12.5,0 ,0.380894
30, -12.5,2.5,0 ,0.279106
61, -7.5,-17.5,-0 ,0.300436
7, -17.5,17.5,0 ,0.292219
55, -17.5,-12.5,-0 ,1.32
1, 12.5,17.5,0 ,0.150167
35, 2.5,-2.5,0 ,0.66
97, 12.5,-2.5,-65 ,0.816812
114, 7.5,-12.5,-65 ,0.503188
13, -7.5,12.5,0 ,0.66
4, -2.5,17.5,0 ,0.66
54, -12.5,-12.5,-0 ,0.66
5, -7.5,17.5,0 ,0.09926
64, 17.5,17.5,-65 ,0.66
19, 2.5,7.5,0 ,0.66
53, -7.5,-12.5,-0 ,0.829122
19, 2.5,7.5,0 ,0.66
40, 17.5,-7.5,0 ,0.228805
114, 7.5,-12.5,-65 ,0.0534794
115, 2.5,-12.5,-65 ,0.113214
123, 2.5,-17.5,-65 ,0.148282
57, 12.5,-17.5,0 ,0.238204
58, 7.5,-17.5,0 ,0.66
6, -12.5,17.5,0 ,0.185856
76, -2.5,12.5,-65 ,0.474144
5, -7.5,17.5,0 ,0.926987
6, -12.5,17.5,0 ,0.211455
15, -17.5,12.5,0 ,0.181559
71, -17.5,17.5,-65 ,1.32
28, -2.5,2.5,0 ,0.66
46, -12.5,-7.5,-0 ,0.163966
62, -12.5,-17.5,-0 ,0.496034
37, -7.5,-2.5,-0 ,0.847907
52, -2.5,-12.5,-0 ,0.105072
117, -7.5,-12.5,-65 ,0.240027
125, -7.5,-17.5,-65 ,0.441769
8, 17.5,12.5,0 ,0.66
68, -2.5,17.5,-65 ,0.66
29, -7.5,2.5,0 ,0.0304046
31, -17.5,2.5,0 ,1.32
38, -12.5,-2.5,-0 ,0.0859639
54, -12.5,-12.5,-0 ,0.574036
105, 12.5,-7.5,-65 ,0.66
24, 17.5,2.5,0 ,0.270138
3, 2.5,17.5,0 ,0.668941
19, 2.5,7.5,0 ,0.264474
37, -7.5,-2.5,-0 ,0.124502
95, -17.5,2.5,-65 ,0.535498
124, -2.5,-17.5,-65 ,0.27167
75, 2.5,12.5,-65 ,0.66
19, 2.5,7.5,0 ,0.66
63, -17.5,-17.5,-0 ,0.66
47, -17.5,-7.5,-0 ,1.32
42, 7.5,-7.5,0 ,0.66
1, 12.5,17.5,0 ,0.70482
2, 7.5,17.5,0 ,0.0224652
40, 17.5,-7.5,0 ,1.03429
42, 7.5,-7.5,0 ,0.285711
47, -17.5,-7.5,-0 ,0.66
54, -12.5,-12.5,-0 ,0.225902
26, 7.5,2.5,0 ,0.494169
34, 7.5,-2.5,0 ,0.190117
41, 12.5,-7.5,0 ,0.241684
42, 7.5,-7.5,0 ,0.39403
63, -17.5,-17.5,-0 ,0.0454025
40, 17.5,-7.5,0 ,0.314217
42, 7.5,-7.5,0 ,0.345783
23, -17.5,7.5,0 ,0.185461
0, 17.5,17.5,0 ,0.0806624
26, 7.5,2.5,0 ,0.975786
33, 12.5,-2.5,0 ,0.344214
5, -7.5,17.5,0 ,0.942428
54, -12.5,-12.5,-0 ,0.197186
122, 7.5,-17.5,-65 ,0.0802013
79, -17.5,12.5,-65 ,0.145648
96, 17.5,-2.5,-65 ,0.66
71, -17.5,17.5,-65 ,0.193689
34, 7.5,-2.5,0 ,0.362344
42, 7.5,-7.5,0 ,0.0498896
29, -7.5,2.5,0 ,0.073776
39, -17.5,-2.5,-0 ,0.66
29, -7.5,2.5,0 ,0.480524
46, -12.5,-7.5,-0 ,0.19291
57, 12.5,-17.5,0 ,0.66
120, 17.5,-17.5,-65 ,0.66
11, 2.5,12.5,0 ,0.758783
33, 12.5,-2.5,0 ,0.66
36, -2.5,-2.5,-0 ,0.194494
37, -7.5,-2.5,-0 ,0.896407
101, -7.5,-2.5,-65 ,0.294462
103, -17.5,-2.5,-65 ,0.0466458
119, -17.5,-12.5,-65 ,0.318892
39, -17.5,-2.5,-0 ,0.66
13, -7.5,12.5,0 ,0.66
54, -12.5,-12.5,-0 ,1.32
60, -2.5,-17.5,-0 ,0.105969
20, -2.5,7.5,0 ,0.0885003
27, 2.5,2.5,0 ,0.66
37, -7.5,-2.5,-0 ,0.0100453
47, -17.5,-7.5,-0 ,0.66
56, 17.5,-17.5,0 ,0.66
47, -17.5,-7.5,-0 ,0.574987
38, -12.5,-2.5,-0 ,0.66
105, 12.5,-7.5,-65 ,0.243334
46, -12.5,-7.5,-0 ,0.66
103, -17.5,-2.5,-65 ,1.32
7, -17.5,17.5,0 ,1.32
40, 17.5,-7.5,0 ,0.66
117, -7.5,-12.5,-65 ,0.0369626
16, 17.5,7.5,0 ,0.176538
109, -7.5,-7.5,-65 ,0.614252
37, -7.5,-2.5,-0 ,0.66
51, 2.5,-12.5,0 ,0.464224
39, -17.5,-2.5,-0 ,0.698648
55, -17.5,-12.5,-0 ,0.198489
17, 12.5,7.5,0 ,1.08435
65, 12.5,17.5,-65 ,0.62164
75, 2.5,12.5,-65 ,0.25267
40, 17.5,-7.5,0 ,0.66
50, 7.5,-12.5,0 ,0.66
15, -17.5,12.5,0 ,0.955649
47, -17.5,-7.5,-0 ,0.66
40, 17.5,-7.5,0 ,0.810091
106, 7.5,-7.5,-65 ,0.66
11, 2.5,12.5,0 ,0.66
64, 17.5,17.5,-65 ,0.786776
59, 2.5,-17.5,0 ,0.410957
122, 7.5,-17.5,-65 ,0.66
33, 12.5,-2.5,0 ,0.0578972
40, 17.5,-7.5,0 ,0.348966
10, 7.5,12.5,0 ,0.66
12, -2.5,12.5,0 ,0.300556
29, -7.5,2.5,0 ,0.359444
23, -17.5,7.5,0 ,0.66
35, 2.5,-2.5,0 ,0.679402
49, 12.5,-12.5,0 ,0.209585
5, -7.5,17.5,0 ,1.00024
21, -7.5,7.5,0 ,0.319762
115, 2.5,-12.5,-65 ,1.32
61, -7.5,-17.5,-0 ,0.66
112, 17.5,-12.5,-65 ,0.345452
120, 17.5,-17.5,-65 ,0.314548
15, -17.5,12.5,0 ,0.232263
60, -2.5,-17.5,-0 ,0.97468
58, 7.5,-17.5,0 ,0.66
109, -7.5,-7.5,-65 ,0.940011
124, -2.5,-17.5,-65 ,0.379989
94, -12.5,2.5,-65 ,0.66
62, -12.5,-17.5,-0 ,0.700377
1, 12.5,17.5,0 ,0.671747
11, 2.5,12.5,0 ,0.273935
13, -7.5,12.5,0 ,0.751008
52, -2.5,-12.5,-0 ,0.238656
3, 2.5,17.5,0 ,0.0364308
0, 17.5,17.5,0 ,0.66
16, 17.5,7.5,0 ,1.32
85, -7.5,7.5,-65 ,0.66
8, 17.5,12.5,0 ,0.159159
88, 17.5,2.5,-65 ,0.969163
104, 17.5,-7.5,-65 ,0.350837
1, 12.5,17.5,0 ,0.993282
88, 17.5,2.5,-65 ,0.356885
5, -7.5,17.5,0 ,0.054974
2, 7.5,17.5,0 ,0.227532
59, 2.5,-17.5,0 ,0.66
61, -7.5,-17.5,-0 ,0.104178
111, -17.5,-7.5,-65 ,0.66
57, 12.5,-17.5,0 ,0.66
11, 2.5,12.5,0 ,0.86498
39, -17.5,-2.5,-0 ,0.66
49, 12.5,-12.5,0 ,0.66
21, -7.5,7.5,0 ,0.0793826
80, 17.5,7.5,-65 ,0.66
104, 17.5,-7.5,-65 ,0.184067
70, -12.5,17.5,-65 ,0.0929935
32, 17.5,-2.5,0 ,0.226772
14, -12.5,12.5,0 ,0.0847652
79, -17.5,12.5,-65 ,0.273563
53, -7.5,-12.5,-0 ,0.125459
62, -12.5,-17.5,-0 ,0.66
42, 7.5,-7.5,0 ,0.06929
43, 2.5,-7.5,0 ,0.0328671
103, -17.5,-2.5,-65 ,0.66
31, -17.5,2.5,0 ,0.885343
47, -17.5,-7.5,-0 ,0.434657
3, 2.5,17.5,0 ,0.66
112, 17.5,-12.5,-65 ,0.66
45, -7.5,-7.5,-0 ,0.437642
56, 17.5,-17.5,0 ,0.66
47, -17.5,-7.5,-0 ,0.274746
55, -17.5,-12.5,-0 ,0.385254
56, 17.5,-17.5,0 ,1.32
47, -17.5,-7.5,-0 ,0.66
19, 2.5,7.5,0 ,0.66
24, 17.5,2.5,0 ,0.66
31, -17.5,2.5,0 ,0.266645
47, -17.5,-7.5,-0 ,0.393355
58, 7.5,-17.5,0 ,0.66
7, -17.5,17.5,0 ,1.01695
23, -17.5,7.5,0 ,0.303051
104, 17.5,-7.5,-65 ,1.32
0, 17.5,17.5,0 ,0.66
1, 12.5,17.5,0 ,0.397923
3, 2.5,17.5,0 ,0.262077
24, 17.5,2.5,0 ,0.66
31, -17.5,2.5,0 ,1.32
80, 17.5,7.5,-65 ,1.02643
97, 12.5,-2.5,-65 ,0.293569
33, 12.5,-2.5,0 ,0.406308
48, 17.5,-12.5,0 ,0.149257
56, 17.5,-17.5,0 ,0.0813933
89, 12.5,2.5,-65 ,0.66
122, 7.5,-17.5,-65 ,0.22099
123, 2.5,-17.5,-65 ,0.44247
61, -7.5,-17.5,-0 ,0.165826
76, -2.5,12.5,-65 ,0.494174
39, -17.5,-2.5,-0 ,0.66
108, -2.5,-7.5,-65 ,0.66
33, 12.5,-2.5,0 ,0.319638
42, 7.5,-7.5,0 ,0.0958309
119, -17.5,-12.5,-65 ,0.543656
127, -17.5,-17.5,-65 ,0.116344
104, 17.5,-7.5,-65 ,0.66
28, -2.5,2.5,0 ,0.159054
4, -2.5,17.5,0 ,0.0209268
2, 7.5,17.5,0 ,0.66
35, 2.5,-2.5,0 ,0.052802
62, -12.5,-17.5,-0 ,1.09369
7, -17.5,17.5,0 ,0.00637666
29, -7.5,2.5,0 ,1.12927
52, -2.5,-12.5,-0 ,0.434765
60, -2.5,-17.5,-0 ,0.256311
61, -7.5,-17.5,-0 ,0.403689
0, 17.5,17.5,0 ,0.15614
1, 12.5,17.5,0 ,0.66
96, 17.5,-2.5,-65 ,0.66
36, -2.5,-2.5,-0 ,0.525502
27, 2.5,2.5,0 ,0.66
27, 2.5,2.5,0 ,1.32
56, 17.5,-17.5,0 ,0.240908
88, 17.5,2.5,-65 ,0.66
59, 2.5,-17.5,0 ,0.178177
52, -2.5,-12.5,-0 ,0.382635
61, -7.5,-17.5,-0 ,0.277365
35, 2.5,-2.5,0 ,0.691713
25, 12.5,2.5,0 ,0.66
95, -17.5,2.5,-65 ,0.225303
103, -17.5,-2.5,-65 ,0.0734674
111, -17.5,-7.5,-65 ,0.361229
107, 2.5,-7.5,-65 ,0.947283
15, -17.5,12.5,0 ,1.32
27, 2.5,2.5,0 ,0.432033
43, 2.5,-7.5,0 ,0.122876
64, 17.5,17.5,-65 ,0.15136
69, -7.5,17.5,-65 ,0.244139
77, -7.5,12.5,-65 ,0.103207
94, -12.5,2.5,-65 ,0.312653
21, -7.5,7.5,0 ,0.364266
38, -12.5,-2.5,-0 ,0.295734
93, -7.5,2.5,-65 ,0.0170126
109, -7.5,-7.5,-65 ,0.16347
69, -7.5,17.5,-65 ,0.230738
61, -7.5,-17.5,-0 ,0.359619
11, 2.5,12.5,0 ,0.334372
28, -2.5,2.5,0 ,0.325628
51, 2.5,-12.5,0 ,0.66
31, -17.5,2.5,0 ,0.66
8, 17.5,12.5,0 ,0.225298
62, -12.5,-17.5,-0 ,0.941412
126, -12.5,-17.5,-65 ,0.720502
5, -7.5,17.5,0 ,0.792435
93, -7.5,2.5,-65 ,0.527565
117, -7.5,-12.5,-65 ,0.486202
10, 7.5,12.5,0 ,0.317946
11, 2.5,12.5,0 ,0.293264
45, -7.5,-7.5,-0 ,0.66
65, 12.5,17.5,-65 ,0.0347877
13, -7.5,12.5,0 ,0.66
32, 17.5,-2.5,0 ,0.259243
86, -12.5,7.5,-65 ,0.66
20, -2.5,7.5,0 ,0.427975
59, 2.5,-17.5,0 ,0.66
55, -17.5,-12.5,-0 ,0.819092
72, 17.5,12.5,-65 ,0.66
48, 17.5,-12.5,0 ,0.200099
58, 7.5,-17.5,0 ,0.459901
13, -7.5,12.5,0 ,0.66
23, -17.5,7.5,0 ,0.0147777
31, -17.5,2.5,0 ,0.129104
47, -17.5,-7.5,-0 ,0.530896
63, -17.5,-17.5,-0 ,0.472225
33, 12.5,-2.5,0 ,0.116601
5, -7.5,17.5,0 ,0.11698
7, -17.5,17.5,0 ,0.237491
42, 7.5,-7.5,0 ,0.66
19, 2.5,7.5,0 ,0.369893
58, 7.5,-17.5,0 ,1.0327
48, 17.5,-12.5,0 ,0.902203
57, 12.5,-17.5,0 ,0.417797
55, -17.5,-12.5,-0 ,0.188761
105, 12.5,-7.5,-65 ,0.0579569
122, 7.5,-17.5,-65 ,0.126526
3, 2.5,17.5,0 ,0.0826593
8, 17.5,12.5,0 ,0.289113
45, -7.5,-7.5,-0 ,1.01739
52, -2.5,-12.5,-0 ,0.163442
60, -2.5,-17.5,-0 ,0.139165
58, 7.5,-17.5,0 ,0.66
64, 17.5,17.5,-65 ,0.473147
31, -17.5,2.5,0 ,0.66
56, 17.5,-17.5,0 ,1.32
72, 17.5,12.5,-65 ,0.66
28, -2.5,2.5,0 ,0.217875
29, -7.5,2.5,0 ,0.442125
7, -17.5,17.5,0 ,0.562691
12, -2.5,12.5,0 ,1.11644
28, -2.5,2.5,0 ,0.203558
15, -17.5,12.5,0 ,0.340952
67, 2.5,17.5,-65 ,0.66
1, 12.5,17.5,0 ,0.0414969
41, 12.5,-7.5,0 ,0.0566103
51, 2.5,-12.5,0 ,0.679012
3, 2.5,17.5,0 ,0.259325
11, 2.5,12.5,0 ,0.66
3, 2.5,17.5,0 ,0.66
61, -7.5,-17.5,-0 ,0.0342237
126, -12.5,-17.5,-65 ,0.66
55, -17.5,-12.5,-0 ,0.775085
34, 7.5,-2.5,0 ,0.66
126, -12.5,-17.5,-65 ,1.09664
105, 12.5,-7.5,-65 ,0.66
37, -7.5,-2.5,-0 ,0.671572
4, -2.5,17.5,0 ,0.0435936
107, 2.5,-7.5,-65 ,0.0637721
109, -7.5,-7.5,-65 ,0.596228
36, -2.5,-2.5,-0 ,0.265018
52, -2.5,-12.5,-0 ,0.394982
53, -7.5,-12.5,-0 ,0.455307
64, 17.5,17.5,-65 ,1.32
56, 17.5,-17.5,0 ,0.839934
9, 12.5,12.5,0 ,0.0698169
61, -7.5,-17.5,-0 ,0.763861
103, -17.5,-2.5,-65 ,1.32
80, 17.5,7.5,-65 ,0.908864
90, 7.5,2.5,-65 ,1.32
8, 17.5,12.5,0 ,0.274892
23, -17.5,7.5,0 ,0.66
76, -2.5,12.5,-65 ,0.66
0, 17.5,17.5,0 ,0.66
20, -2.5,7.5,0 ,0.474507
0, 17.5,17.5,0 ,0.210148
16, 17.5,7.5,0 ,0.66
0, 17.5,17.5,0 ,0.318352
4, -2.5,17.5,0 ,0.0169529
27, 2.5,2.5,0 ,0.45827
37, -7.5,-2.5,-0 ,0.20173
30, -12.5,2.5,0 ,0.36534
46, -12.5,-7.5,-0 ,0.29466
81, 12.5,7.5,-65 ,0.348201
98, 7.5,-2.5,-65 ,0.0181968
7, -17.5,17.5,0 ,0.66
56, 17.5,-17.5,0 ,0.66
16, 17.5,7.5,0 ,0.447348
9, 12.5,12.5,0 ,0.139404
25, 12.5,2.5,0 ,0.520596
93, -7.5,2.5,-65 ,0.66
59, 2.5,-17.5,0 ,0.327677
35, 2.5,-2.5,0 ,0.66
45, -7.5,-7.5,-0 ,0.0393035
51, 2.5,-12.5,0 ,0.266415
2, 7.5,17.5,0 ,0.323809
4, -2.5,17.5,0 ,0.336191
94, -12.5,2.5,-65 ,0.863865
2, 7.5,17.5,0 ,0.66
61, -7.5,-17.5,-0 ,0.230132
10, 7.5,12.5,0 ,0.66
79, -17.5,12.5,-65 ,0.66
17, 12.5,7.5,0 ,0.370123
33, 12.5,-2.5,0 ,0.289877
24, 17.5,2.5,0 ,0.66
101, -7.5,-2.5,-65 ,0.204421
127, -17.5,-17.5,-65 ,0.455579
51, 2.5,-12.5,0 ,0.0210657
11, 2.5,12.5,0 ,0.157645
27, 2.5,2.5,0 ,0.66
105, 12.5,-7.5,-65 ,1.32
14, -12.5,12.5,0 ,0.381307
64, 17.5,17.5,-65 ,0.66
61, -7.5,-17.5,-0 ,0.38292
10, 7.5,12.5,0 ,1.04275
12, -2.5,12.5,0 ,0.277249
11, 2.5,12.5,0 ,0.66
16, 17.5,7.5,0 ,0.66
127, -17.5,-17.5,-65 ,0.817871
3, 2.5,17.5,0 ,0.279471
20, -2.5,7.5,0 ,0.380529
16, 17.5,7.5,0 ,0.66
7, -17.5,17.5,0 ,0.309716
1, 12.5,17.5,0 ,1.32
15, -17.5,12.5,0 ,0.162779
5, -7.5,17.5,0 ,0.411137
13, -7.5,12.5,0 ,0.248863
64, 17.5,17.5,-65 ,0.131682
121, 12.5,-17.5,-65 ,0.66
51, 2.5,-12.5,0 ,0.66
37, -7.5,-2.5,-0 ,1.32
60, -2.5,-17.5,-0 ,0.135361
40, 17.5,-7.5,0 ,0.66
126, -12.5,-17.5,-65 ,0.0222419
31, -17.5,2.5,0 ,0.66
122, 7.5,-17.5,-65 ,0.66
61, -7.5,-17.5,-0 ,0.466134
49, 12.5,-12.5,0 ,1.32
35, 2.5,-2.5,0 ,0.15794
87, -17.5,7.5,-65 ,0.453408
17, 12.5,7.5,0 ,1.32
47, -17.5,-7.5,-0 ,0.173475
63, -17.5,-17.5,-0 ,0.486525
122, 7.5,-17.5,-65 ,0.162611
69, -7.5,17.5,-65 ,0.431644
86, -12.5,7.5,-65 ,0.228356
40, 17.5,-7.5,0 ,1.32
24, 17.5,2.5,0 ,0.24608
93, -7.5,2.5,-65 ,0.0601726
36, -2.5,-2.5,-0 ,0.66
56, 17.5,-17.5,0 ,1.32
64, 17.5,17.5,-65 ,0.66
59, 2.5,-17.5,0 ,0.150314
63, -17.5,-17.5,-0 ,0.509686
54, -12.5,-12.5,-0 ,0.66
24, 17.5,2.5,0 ,0.66
7, -17.5,17.5,0 ,0.66
24, 17.5,2.5,0 ,0.189795
61, -7.5,-17.5,-0 ,0.00473307
96, 17.5,-2.5,-65 ,0.414769
104, 17.5,-7.5,-65 ,1.32
19, 2.5,7.5,0 ,0.66
54, -12.5,-12.5,-0 ,0.0869487
47, -17.5,-7.5,-0 ,0.66
99, 2.5,-2.5,-65 ,0.832368
125, -7.5,-17.5,-65 ,1.32
1, 12.5,17.5,0 ,0.276219
16, 17.5,7.5,0 ,0.383781
71, -17.5,17.5,-65 ,0.186643
24, 17.5,2.5,0 ,0.66
71, -17.5,17.5,-65 ,0.124024
61, -7.5,-17.5,-0 ,0.66
9, 12.5,12.5,0 ,0.66
48, 17.5,-12.5,0 ,0.66
8, 17.5,12.5,0 ,1.32
21, -7.5,7.5,0 ,0.66
19, 2.5,7.5,0 ,0.289764
50, 7.5,-12.5,0 ,0.10403
68, -2.5,17.5,-65 ,0.442832
70, -12.5,17.5,-65 ,0.557827
67, 2.5,17.5,-65 ,0.66
47, -17.5,-7.5,-0 ,0.793602
59, 2.5,-17.5,0 ,0.66
8, 17.5,12.5,0 ,0.005595
69, -7.5,17.5,-65 ,0.468973
71, -17.5,17.5,-65 ,0.309555
4, -2.5,17.5,0 ,0.66
14, -12.5,12.5,0 ,0.66
65, 12.5,17.5,-65 ,0.66
56, 17.5,-17.5,0 ,0.811309
0, 17.5,17.5,0 ,0.66
4, -2.5,17.5,0 ,0.501859
27, 2.5,2.5,0 ,0.66
52, -2.5,-12.5,-0 ,0.686212
64, 17.5,17.5,-65 ,0.469625
0, 17.5,17.5,0 ,0.66
33, 12.5,-2.5,0 ,0.304836
23, -17.5,7.5,0 ,0.178836
82, 7.5,7.5,-65 ,0.66
61, -7.5,-17.5,-0 ,0.31644
62, -12.5,-17.5,-0 ,0.34356
120, 17.5,-17.5,-65 ,0.224685
122, 7.5,-17.5,-65 ,0.435315
88, 17.5,2.5,-65 ,0.66
3, 2.5,17.5,0 ,0.817408
63, -17.5,-17.5,-0 ,1.07588
8, 17.5,12.5,0 ,1.32
0, 17.5,17.5,0 ,0.468622
10, 7.5,12.5,0 ,0.279393
59, 2.5,-17.5,0 ,0.66
61, -7.5,-17.5,-0 ,0.339285
13, -7.5,12.5,0 ,0.234852
48, 17.5,-12.5,0 ,0.66
31, -17.5,2.5,0 ,0.66
83, 2.5,7.5,-65 ,0.0406155
9, 12.5,12.5,0 ,0.66
37, -7.5,-2.5,-0 ,1.32
27, 2.5,2.5,0 ,1.32
0, 17.5,17.5,0 ,0.66
59, 2.5,-17.5,0 ,0.447715
61, -7.5,-17.5,-0 ,0.212285
3, 2.5,17.5,0 ,0.66
121, 12.5,-17.5,-65 ,0.66
7, -17.5,17.5,0 ,0.0511839
58, 7.5,-17.5,0 ,0.770216
77, -7.5,12.5,-65 ,0.66
69, -7.5,17.5,-65 ,0.383179
85, -7.5,7.5,-65 ,0.276821
48, 17.5,-12.5,0 ,1.08883
5, -7.5,17.5,0 ,0.66
5, -7.5,17.5,0 ,0.414987
2, 7.5,17.5,0 ,0.14144
51, 2.5,-12.5,0 ,0.392489
103, -17.5,-2.5,-65 ,0.483318
37, -7.5,-2.5,-0 ,0.66
0, 17.5,17.5,0 ,1.32
40, 17.5,-7.5,0 ,0.197854
11, 2.5,12.5,0 ,0.388398
12, -2.5,12.5,0 ,0.271602
26, 7.5,2.5,0 ,1.32
56, 17.5,-17.5,0 ,0.149926
9, 12.5,12.5,0 ,0.255411
10, 7.5,12.5,0 ,1.06459
18, 7.5,7.5,0 ,1.32
15, -17.5,12.5,0 ,0.66
29, -7.5,2.5,0 ,0.342446
45, -7.5,-7.5,-0 ,0.317554
24, 17.5,2.5,0 ,0.66
100, -2.5,-2.5,-65 ,0.66
35, 2.5,-2.5,0 ,0.66
40, 17.5,-7.5,0 ,1.05011
24, 17.5,2.5,0 ,0.859962
28, -2.5,2.5,0 ,0.434994
35, 2.5,-2.5,0 ,0.66
61, -7.5,-17.5,-0 ,0.388767
61, -7.5,-17.5,-0 ,0.66
7, -17.5,17.5,0 ,0.66
42, 7.5,-7.5,0 ,0.288749
35, 2.5,-2.5,0 ,0.93542
42, 7.5,-7.5,0 ,0.38458
37, -7.5,-2.5,-0 ,0.429411
54, -12.5,-12.5,-0 ,0.890589
6, -12.5,17.5,0 ,1.32
1, 12.5,17.5,0 ,1.32
77, -7.5,12.5,-65 ,0.303727
42, 7.5,-7.5,0 ,0.357061
9, 12.5,12.5,0 ,0.0789457
16, 17.5,7.5,0 ,0.109899
85, -7.5,7.5,-65 ,0.66
17, 12.5,7.5,0 ,0.66
48, 17.5,-12.5,0 ,0.66
7, -17.5,17.5,0 ,0.87623
96, 17.5,-2.5,-65 ,0.450638
112, 17.5,-12.5,-65 ,0.611309
120, 17.5,-17.5,-65 ,0.327288
7, -17.5,17.5,0 ,0.293938
23, -17.5,7.5,0 ,0.244922
37, -7.5,-2.5,-0 ,0.153366
119, -17.5,-12.5,-65 ,0.165678
39, -17.5,-2.5,-0 ,0.66
61, -7.5,-17.5,-0 ,0.113631
47, -17.5,-7.5,-0 ,1.04866
12, -2.5,12.5,0 ,0.66
23, -17.5,7.5,0 ,0.66
85, -7.5,7.5,-65 ,0.66
43, 2.5,-7.5,0 ,0.66
48, 17.5,-12.5,0 ,0.66
57, 12.5,-17.5,0 ,0.66
4, -2.5,17.5,0 ,0.252449
5, -7.5,17.5,0 ,0.407551
7, -17.5,17.5,0 ,0.437855
101, -7.5,-2.5,-65 ,0.66
59, 2.5,-17.5,0 ,0.417473
64, 17.5,17.5,-65 ,0.311336
7, -17.5,17.5,0 ,0.66
13, -7.5,12.5,0 ,0.0935395
40, 17.5,-7.5,0 ,1.32
15, -17.5,12.5,0 ,0.753131
32, 17.5,-2.5,0 ,0.66
23, -17.5,7.5,0 ,0.66
43, 2.5,-7.5,0 ,0.730756
29, -7.5,2.5,0 ,0.951507
112, 17.5,-12.5,-65 ,0.66
44, -2.5,-7.5,-0 ,0.255136
45, -7.5,-7.5,-0 ,0.66
61, -7.5,-17.5,-0 ,0.404864
95, -17.5,2.5,-65 ,0.66
28, -2.5,2.5,0 ,0.50082
29, -7.5,2.5,0 ,0.81918
62, -12.5,-17.5,-0 ,0.233887
30, -12.5,2.5,0 ,1.32
27, 2.5,2.5,0 ,0.66
59, 2.5,-17.5,0 ,0.66
73, 12.5,12.5,-65 ,0.66
16, 17.5,7.5,0 ,0.66
23, -17.5,7.5,0 ,0.852273
56, 17.5,-17.5,0 ,0.198901
14, -12.5,12.5,0 ,0.190994
65, 12.5,17.5,-65 ,0.0582372
5, -7.5,17.5,0 ,0.874442
47, -17.5,-7.5,-0 ,0.66
23, -17.5,7.5,0 ,0.508774
33, 12.5,-2.5,0 ,0.276391
103, -17.5,-2.5,-65 ,0.66
4, -2.5,17.5,0 ,0.445616
69, -7.5,17.5,-65 ,0.66
103, -17.5,-2.5,-65 ,1.32
4, -2.5,17.5,0 ,0.0470966
59, 2.5,-17.5,0 ,0.66
48, 17.5,-12.5,0 ,0.0138036
35, 2.5,-2.5,0 ,0.451933
103, -17.5,-2.5,-65 ,0.66
35, 2.5,-2.5,0 ,0.66
39, -17.5,-2.5,-0 ,0.065606
27, 2.5,2.5,0 ,0.66
11, 2.5,12.5,0 ,0.767541
32, 17.5,-2.5,0 ,0.432098
97, 12.5,-2.5,-65 ,1.32
51, 2.5,-12.5,0 ,1.32
112, 17.5,-12.5,-65 ,0.66
87, -17.5,7.5,-65 ,0.66
101, -7.5,-2.5,-65 ,0.379186
111, -17.5,-7.5,-65 ,0.280814
61, -7.5,-17.5,-0 ,0.431304
62, -12.5,-17.5,-0 ,0.228696
4, -2.5,17.5,0 ,0.66
0, 17.5,17.5,0 ,0.729597
24, 17.5,2.5,0 ,0.289087
24, 17.5,2.5,0 ,0.269256
34, 7.5,-2.5,0 ,0.390744
110, -12.5,-7.5,-65 ,0.66
11, 2.5,12.5,0 ,0.66
60, -2.5,-17.5,-0 ,0.165122
53, -7.5,-12.5,-0 ,0.66
32, 17.5,-2.5,0 ,0.389122
48, 17.5,-12.5,0 ,0.270878
117, -7.5,-12.5,-65 ,0.66
27, 2.5,2.5,0 ,0.157456
13, -7.5,12.5,0 ,0.66
43, 2.5,-7.5,0 ,0.246134
69, -7.5,17.5,-65 ,0.374768
71, -17.5,17.5,-65 ,0.285232
27, 2.5,2.5,0 ,0.916666
37, -7.5,-2.5,-0 ,0.403334
42, 7.5,-7.5,0 ,0.66
3, 2.5,17.5,0 ,0.039188
59, 2.5,-17.5,0 ,0.032423
47, -17.5,-7.5,-0 ,0.66
24, 17.5,2.5,0 ,1.01978
50, 7.5,-12.5,0 ,0.300217
53, -7.5,-12.5,-0 ,0.66
57, 12.5,-17.5,0 ,0.348095
3, 2.5,17.5,0 ,0.66
80, 17.5,7.5,-65 ,0.0509932
88, 17.5,2.5,-65 ,0.282969
63, -17.5,-17.5,-0 ,0.0947912
110, -12.5,-7.5,-65 ,0.565209
19, 2.5,7.5,0 ,0.152328
26, 7.5,2.5,0 ,0.18347
27, 2.5,2.5,0 ,0.324202
79, -17.5,12.5,-65 ,0.313112
23, -17.5,7.5,0 ,0.303047
11, 2.5,12.5,0 ,0.300366
41, 12.5,-7.5,0 ,0.66
62, -12.5,-17.5,-0 ,0.66
0, 17.5,17.5,0 ,0.66
44, -2.5,-7.5,-0 ,0.66
0, 17.5,17.5,0 ,0.66
3, 2.5,17.5,0 ,0.66
5, -7.5,17.5,0 ,0.0528169
13, -7.5,12.5,0 ,0.395238
69, -7.5,17.5,-65 ,0.330666
71, -17.5,17.5,-65 ,0.0788781
63, -17.5,-17.5,-0 ,0.0636194
6, -12.5,17.5,0 ,0.18098
106, 7.5,-7.5,-65 ,0.402084
113, 12.5,-12.5,-65 ,0.257916
48, 17.5,-12.5,0 ,0.66
57, 12.5,-17.5,0 ,0.66
48, 17.5,-12.5,0 ,0.66
21, -7.5,7.5,0 ,0.66
5, -7.5,17.5,0 ,0.66
32, 17.5,-2.5,0 ,0.66
86, -12.5,7.5,-65 ,0.618433
37, -7.5,-2.5,-0 ,0.66
104, 17.5,-7.5,-65 ,0.66
15, -17.5,12.5,0 ,0.0381782
82, 7.5,7.5,-65 ,0.418411
98, 7.5,-2.5,-65 ,0.241589
23, -17.5,7.5,0 ,0.66
55, -17.5,-12.5,-0 ,0.202948
2, 7.5,17.5,0 ,0.00249998
37, -7.5,-2.5,-0 ,0.66
104, 17.5,-7.5,-65 ,0.66
15, -17.5,12.5,0 ,0.66
34, 7.5,-2.5,0 ,1.02573
61, -7.5,-17.5,-0 ,0.66
4, -2.5,17.5,0 ,1.32
123, 2.5,-17.5,-65 ,0.192024
45, -7.5,-7.5,-0 ,0.66
127, -17.5,-17.5,-65 ,0.66
71, -17.5,17.5,-65 ,1.07203
78, -12.5,12.5,-65 ,0.247971
13, -7.5,12.5,0 ,0.44122
23, -17.5,7.5,0 ,0.66
30, -12.5,2.5,0 ,0.21878
21, -7.5,7.5,0 ,0.00409741
80, 17.5,7.5,-65 ,0.356184
15, -17.5,12.5,0 ,0.027137
68, -2.5,17.5,-65 ,0.582938
85, -7.5,7.5,-65 ,0.0770624
7, -17.5,17.5,0 ,0.66
15, -17.5,12.5,0 ,0.66
68, -2.5,17.5,-65 ,0.66
53, -7.5,-12.5,-0 ,0.221569
61, -7.5,-17.5,-0 ,0.438431
62, -12.5,-17.5,-0 ,0.66
73, 12.5,12.5,-65 ,0.66
72, 17.5,12.5,-65 ,0.664314
2, 7.5,17.5,0 ,0.468892
3, 2.5,17.5,0 ,0.851108
28, -2.5,2.5,0 ,1.32
0, 17.5,17.5,0 ,0.951344
39, -17.5,-2.5,-0 ,0.422552
8, 17.5,12.5,0 ,0.997303
25, 12.5,2.5,0 ,0.322697
44, -2.5,-7.5,-0 ,0.244061
54, -12.5,-12.5,-0 ,0.415939
0, 17.5,17.5,0 ,0.474882
51, 2.5,-12.5,0 ,0.309041
57, 12.5,-17.5,0 ,0.703488
59, 2.5,-17.5,0 ,0.0659329
102, -12.5,-2.5,-65 ,0.66
24, 17.5,2.5,0 ,0.0385384
40, 17.5,-7.5,0 ,0.437693
23, -17.5,7.5,0 ,0.798222
70, -12.5,17.5,-65 ,0.521778
5, -7.5,17.5,0 ,0.85812
32, 17.5,-2.5,0 ,0.331106
64, 17.5,17.5,-65 ,0.66
28, -2.5,2.5,0 ,0.436841
35, 2.5,-2.5,0 ,0.883159
29, -7.5,2.5,0 ,0.66
7, -17.5,17.5,0 ,0.971149
1, 12.5,17.5,0 ,1.13386
118, -12.5,-12.5,-65 ,0.662444
3, 2.5,17.5,0 ,0.0848934
93, -7.5,2.5,-65 ,0.575107
69, -7.5,17.5,-65 ,0.960676
85, -7.5,7.5,-65 ,0.359324
63, -17.5,-17.5,-0 ,0.66
32, 17.5,-2.5,0 ,0.66
48, 17.5,-12.5,0 ,0.743887
42, 7.5,-7.5,0 ,0.66
43, 2.5,-7.5,0 ,0.66
101, -7.5,-2.5,-65 ,0.46808
13, -7.5,12.5,0 ,0.0512243
22, -12.5,7.5,0 ,0.226701
23, -17.5,7.5,0 ,0.433299
16, 17.5,7.5,0 ,0.474303
7, -17.5,17.5,0 ,0.99674
23, -17.5,7.5,0 ,0.0188828
39, -17.5,-2.5,-0 ,0.304377
41, 12.5,-7.5,0 ,0.359655
49, 12.5,-12.5,0 ,0.300345
109, -7.5,-7.5,-65 ,0.66
95, -17.5,2.5,-65 ,0.66
0, 17.5,17.5,0 ,0.40997
23, -17.5,7.5,0 ,0.123411
68, -2.5,17.5,-65 ,0.361858
83, 2.5,7.5,-65 ,0.298142
121, 12.5,-17.5,-65 ,0.228693
122, 7.5,-17.5,-65 ,0.431307
38, -12.5,-2.5,-0 ,0.323614
45, -7.5,-7.5,-0 ,0.5498
61, -7.5,-17.5,-0 ,0.446586
11, 2.5,12.5,0 ,0.66
8, 17.5,12.5,0 ,0.0747146
67, 2.5,17.5,-65 ,0.192606
77, -7.5,12.5,-65 ,0.137497
39, -17.5,-2.5,-0 ,0.66
99, 2.5,-2.5,-65 ,0.66
21, -7.5,7.5,0 ,1.09061
51, 2.5,-12.5,0 ,0.682587
61, -7.5,-17.5,-0 ,0.400306
1, 12.5,17.5,0 ,0.66
47, -17.5,-7.5,-0 ,0.687016
12, -2.5,12.5,0 ,0.7416
119, -17.5,-12.5,-65 ,0.309717
53, -7.5,-12.5,-0 ,0.0283853
35, 2.5,-2.5,0 ,0.324298
45, -7.5,-7.5,-0 ,0.335702
55, -17.5,-12.5,-0 ,0.211262
9, 12.5,12.5,0 ,0.130787
19, 2.5,7.5,0 ,0.00183049
71, -17.5,17.5,-65 ,0.289457
88, 17.5,2.5,-65 ,0.333045
53, -7.5,-12.5,-0 ,0.214434
62, -12.5,-17.5,-0 ,0.445566
118, -12.5,-12.5,-65 ,0.66
1, 12.5,17.5,0 ,0.299005
47, -17.5,-7.5,-0 ,0.66
54, -12.5,-12.5,-0 ,0.149208
62, -12.5,-17.5,-0 ,0.510792
112, 17.5,-12.5,-65 ,0.66
71, -17.5,17.5,-65 ,0.276295
101, -7.5,-2.5,-65 ,0.902328
43, 2.5,-7.5,0 ,0.878478
35, 2.5,-2.5,0 ,0.0206413
61, -7.5,-17.5,-0 ,0.253804
39, -17.5,-2.5,-0 ,1.32
54, -12.5,-12.5,-0 ,0.66
52, -2.5,-12.5,-0 ,0.269594
59, 2.5,-17.5,0 ,0.390406
0, 17.5,17.5,0 ,1.32
56, 17.5,-17.5,0 ,0.0902326
55, -17.5,-12.5,-0 ,0.264842
63, -17.5,-17.5,-0 ,0.818302
39, -17.5,-2.5,-0 ,0.458977
55, -17.5,-12.5,-0 ,0.201023
39, -17.5,-2.5,-0 ,0.806079
17, 12.5,7.5,0 ,0.343991
34, 7.5,-2.5,0 ,0.316009
6, -12.5,17.5,0 ,0.66
77, -7.5,12.5,-65 ,0.187592
30, -12.5,2.5,0 ,1.32
47, -17.5,-7.5,-0 ,0.66
14, -12.5,12.5,0 ,0.255241
65, 12.5,17.5,-65 ,0.66
10, 7.5,12.5,0 ,0.0970611
47, -17.5,-7.5,-0 ,0.66
16, 17.5,7.5,0 ,0.66
0, 17.5,17.5,0 ,0.108878
78, -12.5,12.5,-65 ,0.66
22, -12.5,7.5,0 ,0.849834
37, -7.5,-2.5,-0 ,0.0100981
31, -17.5,2.5,0 ,0.0297517
9, 12.5,12.5,0 ,0.66
63, -17.5,-17.5,-0 ,0.254616
42, 7.5,-7.5,0 ,0.241293
17, 12.5,7.5,0 ,0.171773
27, 2.5,2.5,0 ,0.488227
79, -17.5,12.5,-65 ,0.287724
95, -17.5,2.5,-65 ,0.372276
40, 17.5,-7.5,0 ,0.503876
11, 2.5,12.5,0 ,0.77181
32, 17.5,-2.5,0 ,0.0649919
101, -7.5,-2.5,-65 ,0.380234
111, -17.5,-7.5,-65 ,0.279766
69, -7.5,17.5,-65 ,0.218631
71, -17.5,17.5,-65 ,0.702792
13, -7.5,12.5,0 ,0.730978
119, -17.5,-12.5,-65 ,0.0420009
40, 17.5,-7.5,0 ,0.472698
56, 17.5,-17.5,0 ,0.29794
64, 17.5,17.5,-65 ,0.209487
61, -7.5,-17.5,-0 ,0.66
120, 17.5,-17.5,-65 ,0.464428
63, -17.5,-17.5,-0 ,0.66
106, 7.5,-7.5,-65 ,0.00734425
39, -17.5,-2.5,-0 ,1.06335
46, -12.5,-7.5,-0 ,0.256647
8, 17.5,12.5,0 ,0.908705
107, 2.5,-7.5,-65 ,0.66
56, 17.5,-17.5,0 ,0.66
38, -12.5,-2.5,-0 ,0.0100611
33, 12.5,-2.5,0 ,0.0113231
43, 2.5,-7.5,0 ,0.115968
111, -17.5,-7.5,-65 ,0.128783
27, 2.5,2.5,0 ,0.417205
57, 12.5,-17.5,0 ,0.173174
7, -17.5,17.5,0 ,0.66
17, 12.5,7.5,0 ,0.117739
87, -17.5,7.5,-65 ,0.213105
31, -17.5,2.5,0 ,0.965551
63, -17.5,-17.5,-0 ,0.851491
0, 17.5,17.5,0 ,0.66
43, 2.5,-7.5,0 ,1.32
64, 17.5,17.5,-65 ,0.66
50, 7.5,-12.5,0 ,0.17516
117, -7.5,-12.5,-65 ,0.352339
119, -17.5,-12.5,-65 ,0.307661
8, 17.5,12.5,0 ,1.32
97, 12.5,-2.5,-65 ,0.054122
3, 2.5,17.5,0 ,0.66
29, -7.5,2.5,0 ,0.692086
23, -17.5,7.5,0 ,0.223398
47, -17.5,-7.5,-0 ,0.308603
116, -2.5,-12.5,-65 ,0.66
70, -12.5,17.5,-65 ,0.66
47, -17.5,-7.5,-0 ,1.32
21, -7.5,7.5,0 ,0.548475
23, -17.5,7.5,0 ,0.510411
38, -12.5,-2.5,-0 ,0.261113
49, 12.5,-12.5,0 ,0.66
97, 12.5,-2.5,-65 ,0.66
58, 7.5,-17.5,0 ,0.866278
25, 12.5,2.5,0 ,0.503943
27, 2.5,2.5,0 ,0.156057
32, 17.5,-2.5,0 ,0.29642
40, 17.5,-7.5,0 ,0.326468
48, 17.5,-12.5,0 ,0.0371122
5, -7.5,17.5,0 ,0.201027
23, -17.5,7.5,0 ,0.458973
5, -7.5,17.5,0 ,0.560904
16, 17.5,7.5,0 ,0.66
75, 2.5,12.5,-65 ,0.469788
7, -17.5,17.5,0 ,0.983088
16, 17.5,7.5,0 ,0.66
77, -7.5,12.5,-65 ,0.201954
68, -2.5,17.5,-65 ,0.66
66, 7.5,17.5,-65 ,0.198253
71, -17.5,17.5,-65 ,0.0461926
87, -17.5,7.5,-65 ,0.154791
7, -17.5,17.5,0 ,0.117424
48, 17.5,-12.5,0 ,0.197272
16, 17.5,7.5,0 ,0.242698
18, 7.5,7.5,0 ,0.417302
64, 17.5,17.5,-65 ,0.66
7, -17.5,17.5,0 ,1.32
26, 7.5,2.5,0 ,0.240506
118, -12.5,-12.5,-65 ,1.09445
49, 12.5,-12.5,0 ,0.00301791
56, 17.5,-17.5,0 ,0.184207
30, -12.5,2.5,0 ,0.331453
39, -17.5,-2.5,-0 ,0.772404
3, 2.5,17.5,0 ,0.362454
101, -7.5,-2.5,-65 ,0.66
27, 2.5,2.5,0 ,0.134767
33, 12.5,-2.5,0 ,0.0544069
0, 17.5,17.5,0 ,0.455644
86, -12.5,7.5,-65 ,0.66
2, 7.5,17.5,0 ,0.66
37, -7.5,-2.5,-0 ,1.03634
39, -17.5,-2.5,-0 ,0.283658
43, 2.5,-7.5,0 ,0.00314612
127, -17.5,-17.5,-65 ,0.656854
80, 17.5,7.5,-65 ,0.0731564
1, 12.5,17.5,0 ,0.212782
113, 12.5,-12.5,-65 ,0.0339444
88, 17.5,2.5,-65 ,0.66
47, -17.5,-7.5,-0 ,0.66
115, 2.5,-12.5,-65 ,0.66
33, 12.5,-2.5,0 ,0.439127
38, -12.5,-2.5,-0 ,0.304943
54, -12.5,-12.5,-0 ,0.355057
39, -17.5,-2.5,-0 ,0.66
108, -2.5,-7.5,-65 ,0.0650478
39, -17.5,-2.5,-0 ,0.66
110, -12.5,-7.5,-65 ,0.66
127, -17.5,-17.5,-65 ,0.267431
17, 12.5,7.5,0 ,0.383515
26, 7.5,2.5,0 ,0.409436
33, 12.5,-2.5,0 ,0.527049
21, -7.5,7.5,0 ,0.471841
19, 2.5,7.5,0 ,0.193781
29, -7.5,2.5,0 ,0.404904
36, -2.5,-2.5,-0 ,0.255096
8, 17.5,12.5,0 ,0.66
15, -17.5,12.5,0 ,0.300822
95, -17.5,2.5,-65 ,0.607668
37, -7.5,-2.5,-0 ,1.32
62, -12.5,-17.5,-0 ,0.439334
24, 17.5,2.5,0 ,0.66
0, 17.5,17.5,0 ,1.14849
0, 17.5,17.5,0 ,0.197968
105, 12.5,-7.5,-65 ,0.0740712
43, 2.5,-7.5,0 ,0.144743
68, -2.5,17.5,-65 ,0.124249
2, 7.5,17.5,0 ,0.982186
63, -17.5,-17.5,-0 ,0.66
2, 7.5,17.5,0 ,1.08344
7, -17.5,17.5,0 ,1.32
55, -17.5,-12.5,-0 ,0.4499
51, 2.5,-12.5,0 ,0.600242
24, 17.5,2.5,0 ,0.325843
26, 7.5,2.5,0 ,0.169304
34, 7.5,-2.5,0 ,0.334157
0, 17.5,17.5,0 ,1.05475
7, -17.5,17.5,0 ,0.711311
32, 17.5,-2.5,0 ,0.679986
11, 2.5,12.5,0 ,0.66
1, 12.5,17.5,0 ,0.66
42, 7.5,-7.5,0 ,0.66
67, 2.5,17.5,-65 ,0.679783
56, 17.5,-17.5,0 ,0.0492312
50, 7.5,-12.5,0 ,1.32
40, 17.5,-7.5,0 ,0.0701914
50, 7.5,-12.5,0 ,0.66
56, 17.5,-17.5,0 ,0.804523
13, -7.5,12.5,0 ,0.66
24, 17.5,2.5,0 ,0.681575
105, 12.5,-7.5,-65 ,1.32
65, 12.5,17.5,-65 ,1.06427
82, 7.5,7.5,-65 ,0.255726
5, -7.5,17.5,0 ,0.184714
16, 17.5,7.5,0 ,0.335469
92, -2.5,2.5,-65 ,0.156653
109, -7.5,-7.5,-65 ,0.503347
25, 12.5,2.5,0 ,0.66
25, 12.5,2.5,0 ,0.381687
39, -17.5,-2.5,-0 ,0.382451
63, -17.5,-17.5,-0 ,0.470725
65, 12.5,17.5,-65 ,0.66
33, 12.5,-2.5,0 ,0.66
51, 2.5,-12.5,0 ,0.66
25, 12.5,2.5,0 ,0.66
3, 2.5,17.5,0 ,0.0701657
53, -7.5,-12.5,-0 ,0.66
32, 17.5,-2.5,0 ,0.40746
99, 2.5,-2.5,-65 ,0.66
51, 2.5,-12.5,0 ,0.674399
39, -17.5,-2.5,-0 ,0.378812
106, 7.5,-7.5,-65 ,0.0497029
30, -12.5,2.5,0 ,0.66
90, 7.5,2.5,-65 ,0.0320481
21, -7.5,7.5,0 ,0.0945708
23, -17.5,7.5,0 ,0.266653
64, 17.5,17.5,-65 ,0.393347
50, 7.5,-12.5,0 ,0.199975
53, -7.5,-12.5,-0 ,0.66
39, -17.5,-2.5,-0 ,0.66
21, -7.5,7.5,0 ,0.0958842
80, 17.5,7.5,-65 ,0.66
39, -17.5,-2.5,-0 ,0.204589
93, -7.5,2.5,-65 ,0.66
43, 2.5,-7.5,0 ,0.66
112, 17.5,-12.5,-65 ,1.03019
127, -17.5,-17.5,-65 ,0.315484
29, -7.5,2.5,0 ,0.298931
5, -7.5,17.5,0 ,0.399944
60, -2.5,-17.5,-0 ,0.185737
66, 7.5,17.5,-65 ,0.474263
44, -2.5,-7.5,-0 ,0.66
99, 2.5,-2.5,-65 ,0.66
112, 17.5,-12.5,-65 ,0.431564
113, 12.5,-12.5,-65 ,0.12585
114, 7.5,-12.5,-65 ,0.102586
48, 17.5,-12.5,0 ,1.32
0, 17.5,17.5,0 ,1.32
35, 2.5,-2.5,0 ,0.66
11, 2.5,12.5,0 ,0.66
0, 17.5,17.5,0 ,1.05141
41, 12.5,-7.5,0 ,0.66
16, 17.5,7.5,0 ,0.669285
25, 12.5,2.5,0 ,0.159368
27, 2.5,2.5,0 ,0.213426
37, -7.5,-2.5,-0 ,0.287206
95, -17.5,2.5,-65 ,0.66
0, 17.5,17.5,0 ,0.412474
33, 12.5,-2.5,0 ,0.304763
64, 17.5,17.5,-65 ,0.275098
42, 7.5,-7.5,0 ,0.874
57, 12.5,-17.5,0 ,0.446
43, 2.5,-7.5,0 ,0.66
8, 17.5,12.5,0 ,0.0707358
71, -17.5,17.5,-65 ,0.0575761
31, -17.5,2.5,0 ,0.324261
92, -2.5,2.5,-65 ,0.66
57, 12.5,-17.5,0 ,0.66018
28, -2.5,2.5,0 ,0.196429
29, -7.5,2.5,0 ,0.463571
117, -7.5,-12.5,-65 ,0.66
16, 17.5,7.5,0 ,0.66
61, -7.5,-17.5,-0 ,0.66
96, 17.5,-2.5,-65 ,0.66
19, 2.5,7.5,0 ,1.32
119, -17.5,-12.5,-65 ,0.66
13, -7.5,12.5,0 ,0.66
19, 2.5,7.5,0 ,0.731751
4, -2.5,17.5,0 ,0.66
56, 17.5,-17.5,0 ,0.66
75, 2.5,12.5,-65 ,0.0275425
51, 2.5,-12.5,0 ,0.66
16, 17.5,7.5,0 ,0.68211
113, 12.5,-12.5,-65 ,0.485036
122, 7.5,-17.5,-65 ,0.0703361
71, -17.5,17.5,-65 ,0.66
11, 2.5,12.5,0 ,0.318721
37, -7.5,-2.5,-0 ,0.384815
44, -2.5,-7.5,-0 ,0.275185
47, -17.5,-7.5,-0 ,0.66
51, 2.5,-12.5,0 ,1.32
41, 12.5,-7.5,0 ,0.980494
39, -17.5,-2.5,-0 ,0.751594
96, 17.5,-2.5,-65 ,0.66
55, -17.5,-12.5,-0 ,0.66
15, -17.5,12.5,0 ,0.66
55, -17.5,-12.5,-0 ,0.290164
15, -17.5,12.5,0 ,0.082518
0, 17.5,17.5,0 ,0.66
40, 17.5,-7.5,0 ,0.00207497
116, -2.5,-12.5,-65 ,0.66
1, 12.5,17.5,0 ,0.918131
93, -7.5,2.5,-65 ,0.66
18, 7.5,7.5,0 ,0.66
44, -2.5,-7.5,-0 ,1.32
69, -7.5,17.5,-65 ,0.28629
24, 17.5,2.5,0 ,0.393963
93, -7.5,2.5,-65 ,0.66
51, 2.5,-12.5,0 ,0.256166
10, 7.5,12.5,0 ,0.30758
24, 17.5,2.5,0 ,0.442108
113, 12.5,-12.5,-65 ,0.66
122, 7.5,-17.5,-65 ,0.0100409
27, 2.5,2.5,0 ,1.08151
29, -7.5,2.5,0 ,0.23849
34, 7.5,-2.5,0 ,0.66
1, 12.5,17.5,0 ,0.381925
3, 2.5,17.5,0 ,0.66
8, 17.5,12.5,0 ,0.278075
24, 17.5,2.5,0 ,0.346016
40, 17.5,-7.5,0 ,0.313984
15, -17.5,12.5,0 ,0.66
67, 2.5,17.5,-65 ,0.66
55, -17.5,-12.5,-0 ,0.373802
76, -2.5,12.5,-65 ,0.318165
51, 2.5,-12.5,0 ,0.138111
119, -17.5,-12.5,-65 ,0.353022
112, 17.5,-12.5,-65 ,0.66
31, -17.5,2.5,0 ,0.639022
47, -17.5,-7.5,-0 ,0.214801
61, -7.5,-17.5,-0 ,1.32
0, 17.5,17.5,0 ,0.336228
126, -12.5,-17.5,-65 ,0.424353
40, 17.5,-7.5,0 ,0.184457
115, 2.5,-12.5,-65 ,0.504971
39, -17.5,-2.5,-0 ,0.66
3, 2.5,17.5,0 ,0.704493
5, -7.5,17.5,0 ,0.287599
120, 17.5,-17.5,-65 ,0.66
122, 7.5,-17.5,-65 ,0.0483779
35, 2.5,-2.5,0 ,0.0383414
117, -7.5,-12.5,-65 ,0.621659
34, 7.5,-2.5,0 ,0.129207
33, 12.5,-2.5,0 ,0.66
40, 17.5,-7.5,0 ,0.130229
1, 12.5,17.5,0 ,0.374124
3, 2.5,17.5,0 ,0.66
19, 2.5,7.5,0 ,0.135864
96, 17.5,-2.5,-65 ,1.06516
113, 12.5,-12.5,-65 ,0.254844
43, 2.5,-7.5,0 ,0.66
81, 12.5,7.5,-65 ,0.370696
115, 2.5,-12.5,-65 ,0.289304
48, 17.5,-12.5,0 ,0.133715
21, -7.5,7.5,0 ,0.324884
8, 17.5,12.5,0 ,0.66
15, -17.5,12.5,0 ,0.254714
16, 17.5,7.5,0 ,0.213655
83, 2.5,7.5,-65 ,0.387995
91, 2.5,2.5,-65 ,0.162278
99, 2.5,-2.5,-65 ,0.109727
16, 17.5,7.5,0 ,0.66
53, -7.5,-12.5,-0 ,0.66
22, -12.5,7.5,0 ,0.353929
39, -17.5,-2.5,-0 ,0.306071
81, 12.5,7.5,-65 ,0.66
63, -17.5,-17.5,-0 ,0.255504
3, 2.5,17.5,0 ,0.409783
64, 17.5,17.5,-65 ,0.270115
74, 7.5,12.5,-65 ,1.04988
47, -17.5,-7.5,-0 ,1.32
16, 17.5,7.5,0 ,0.164013
33, 12.5,-2.5,0 ,0.66
87, -17.5,7.5,-65 ,1.32
0, 17.5,17.5,0 ,0.66
72, 17.5,12.5,-65 ,0.66
121, 12.5,-17.5,-65 ,0.0502368
3, 2.5,17.5,0 ,0.66
49, 12.5,-12.5,0 ,0.23072
50, 7.5,-12.5,0 ,0.42928
127, -17.5,-17.5,-65 ,0.27545
38, -12.5,-2.5,-0 ,0.66
113, 12.5,-12.5,-65 ,0.0293481
52, -2.5,-12.5,-0 ,0.256201
35, 2.5,-2.5,0 ,0.0370291
28, -2.5,2.5,0 ,0.95047
35, 2.5,-2.5,0 ,0.36953
16, 17.5,7.5,0 ,0.453825
84, -2.5,7.5,-65 ,0.448179
91, 2.5,2.5,-65 ,0.211821
27, 2.5,2.5,0 ,0.000973813
37, -7.5,-2.5,-0 ,0.673159
3, 2.5,17.5,0 ,0.66
0, 17.5,17.5,0 ,0.0339601
43, 2.5,-7.5,0 ,0.66
117, -7.5,-12.5,-65 ,0.0237292
0, 17.5,17.5,0 ,1.1229
7, -17.5,17.5,0 ,0.315135
34, 7.5,-2.5,0 ,0.66
0, 17.5,17.5,0 ,0.592151
29, -7.5,2.5,0 ,0.108424
51, 2.5,-12.5,0 ,0.9168
7, -17.5,17.5,0 ,0.0101707
32, 17.5,-2.5,0 ,0.343873
34, 7.5,-2.5,0 ,0.316127
5, -7.5,17.5,0 ,0.0336844
80, 17.5,7.5,-65 ,0.66
3, 2.5,17.5,0 ,0.705685
95, -17.5,2.5,-65 ,0.614315
54, -12.5,-12.5,-0 ,0.66
24, 17.5,2.5,0 ,0.123453
41, 12.5,-7.5,0 ,0.0875444
13, -7.5,12.5,0 ,0.720581
69, -7.5,17.5,-65 ,0.0628357
42, 7.5,-7.5,0 ,0.0958088
88, 17.5,2.5,-65 ,0.12261
47, -17.5,-7.5,-0 ,1.32
26, 7.5,2.5,0 ,0.21103
42, 7.5,-7.5,0 ,0.44897
119, -17.5,-12.5,-65 ,0.259512
18, 7.5,7.5,0 ,0.66
46, -12.5,-7.5,-0 ,0.409443
63, -17.5,-17.5,-0 ,0.250557
16, 17.5,7.5,0 ,0.66
77, -7.5,12.5,-65 ,0.344228
86, -12.5,7.5,-65 ,0.315772
31, -17.5,2.5,0 ,1.32
45, -7.5,-7.5,-0 ,0.873269
55, -17.5,-12.5,-0 ,0.446731
5, -7.5,17.5,0 ,0.101802
26, 7.5,2.5,0 ,0.607754
41, 12.5,-7.5,0 ,0.00483416
58, 7.5,-17.5,0 ,0.272421
55, -17.5,-12.5,-0 ,0.392633
63, -17.5,-17.5,-0 ,0.267367
27, 2.5,2.5,0 ,0.245282
16, 17.5,7.5,0 ,0.248957
17, 12.5,7.5,0 ,0.411043
73, 12.5,12.5,-65 ,0.893365
89, 12.5,2.5,-65 ,0.246581
59, 2.5,-17.5,0 ,0.66
24, 17.5,2.5,0 ,0.109744
40, 17.5,-7.5,0 ,0.00682229
47, -17.5,-7.5,-0 ,0.820206
62, -12.5,-17.5,-0 ,0.499794
36, -2.5,-2.5,-0 ,0.263639
18, 7.5,7.5,0 ,0.0689081
72, 17.5,12.5,-65 ,0.151022
59, 2.5,-17.5,0 ,0.778465
32, 17.5,-2.5,0 ,0.302267
55, -17.5,-12.5,-0 ,0.199642
8, 17.5,12.5,0 ,0.0309706
15, -17.5,12.5,0 ,0.27949
67, 2.5,17.5,-65 ,0.66
33, 12.5,-2.5,0 ,0.319017
35, 2.5,-2.5,0 ,0.131662
103, -17.5,-2.5,-65 ,0.140924
80, 17.5,7.5,-65 ,1.32
40, 17.5,-7.5,0 ,0.187869
116, -2.5,-12.5,-65 ,0.425108
117, -7.5,-12.5,-65 ,0.234892
103, -17.5,-2.5,-65 ,0.66
21, -7.5,7.5,0 ,0.66
112, 17.5,-12.5,-65 ,0.66
5, -7.5,17.5,0 ,0.826276
44, -2.5,-7.5,-0 ,0.369747
45, -7.5,-7.5,-0 ,0.290253
37, -7.5,-2.5,-0 ,1.20432
54, -12.5,-12.5,-0 ,0.11568
7, -17.5,17.5,0 ,0.66
68, -2.5,17.5,-65 ,0.66
59, 2.5,-17.5,0 ,0.66
63, -17.5,-17.5,-0 ,0.66
36, -2.5,-2.5,-0 ,0.66
24, 17.5,2.5,0 ,1.32
35, 2.5,-2.5,0 ,0.66
43, 2.5,-7.5,0 ,1.076
53, -7.5,-12.5,-0 ,0.243996
45, -7.5,-7.5,-0 ,0.434521
61, -7.5,-17.5,-0 ,0.225479
34, 7.5,-2.5,0 ,0.336875
43, 2.5,-7.5,0 ,0.983125
32, 17.5,-2.5,0 ,0.0759802
63, -17.5,-17.5,-0 ,0.295897
51, 2.5,-12.5,0 ,0.743035
61, -7.5,-17.5,-0 ,0.228496
49, 12.5,-12.5,0 ,0.0707491
16, 17.5,7.5,0 ,0.165651
65, 12.5,17.5,-65 ,0.0900019
67, 2.5,17.5,-65 ,0.404347
37, -7.5,-2.5,-0 ,0.716602
49, 12.5,-12.5,0 ,0.66
6, -12.5,17.5,0 ,1.32
21, -7.5,7.5,0 ,0.66
18, 7.5,7.5,0 ,0.459874
35, 2.5,-2.5,0 ,0.200126
55, -17.5,-12.5,-0 ,0.107041
98, 7.5,-2.5,-65 ,0.229354
99, 2.5,-2.5,-65 ,0.185689
100, -2.5,-2.5,-65 ,0.244957
108, -2.5,-7.5,-65 ,0.0852062
25, 12.5,2.5,0 ,0.149313
29, -7.5,2.5,0 ,0.818083
46, -12.5,-7.5,-0 ,0.66
9, 12.5,12.5,0 ,0.66
19, 2.5,7.5,0 ,0.66
126, -12.5,-17.5,-65 ,0.228451
16, 17.5,7.5,0 ,0.685307
32, 17.5,-2.5,0 ,0.40047
4, -2.5,17.5,0 ,1.32
5, -7.5,17.5,0 ,0.483396
7, -17.5,17.5,0 ,0.535681
112, 17.5,-12.5,-65 ,0.66
16, 17.5,7.5,0 ,0.760275
21, -7.5,7.5,0 ,1.32
56, 17.5,-17.5,0 ,0.826434
18, 7.5,7.5,0 ,0.66
127, -17.5,-17.5,-65 ,0.66
49, 12.5,-12.5,0 ,0.226293
50, 7.5,-12.5,0 ,1.09371
46, -12.5,-7.5,-0 ,0.66
11, 2.5,12.5,0 ,0.149341
39, -17.5,-2.5,-0 ,0.0790066
5, -7.5,17.5,0 ,1.32
5, -7.5,17.5,0 ,0.66
33, 12.5,-2.5,0 ,0.448433
7, -17.5,17.5,0 ,1.32
15, -17.5,12.5,0 ,0.807515
7, -17.5,17.5,0 ,0.66
61, -7.5,-17.5,-0 ,0.782977
7, -17.5,17.5,0 ,0.449319
3, 2.5,17.5,0 ,0.66
60, -2.5,-17.5,-0 ,0.238128
61, -7.5,-17.5,-0 ,0.421872
8, 17.5,12.5,0 ,0.66
67, 2.5,17.5,-65 ,0.0586603
119, -17.5,-12.5,-65 ,0.470738
65, 12.5,17.5,-65 ,1.32
8, 17.5,12.5,0 ,0.890771
24, 17.5,2.5,0 ,0.0401081
19, 2.5,7.5,0 ,0.66
57, 12.5,-17.5,0 ,0.38405
40, 17.5,-7.5,0 ,1.06419
31, -17.5,2.5,0 ,0.66
99, 2.5,-2.5,-65 ,0.19993
86, -12.5,7.5,-65 ,0.66
7, -17.5,17.5,0 ,0.66
109, -7.5,-7.5,-65 ,0.66
1, 12.5,17.5,0 ,0.258877
5, -7.5,17.5,0 ,0.66
64, 17.5,17.5,-65 ,0.66
64, 17.5,17.5,-65 ,0.693909
54, -12.5,-12.5,-0 ,0.86453
21, -7.5,7.5,0 ,0.66
72, 17.5,12.5,-65 ,0.251607
30, -12.5,2.5,0 ,1.10992
47, -17.5,-7.5,-0 ,0.210081
1, 12.5,17.5,0 ,0.66
50, 7.5,-12.5,0 ,0.340586
117, -7.5,-12.5,-65 ,0.66
16, 17.5,7.5,0 ,0.303352
47, -17.5,-7.5,-0 ,0.66
97, 12.5,-2.5,-65 ,0.451899
45, -7.5,-7.5,-0 ,1.32
29, -7.5,2.5,0 ,1.32
15, -17.5,12.5,0 ,0.300755
117, -7.5,-12.5,-65 ,0.359245
37, -7.5,-2.5,-0 ,0.145988
38, -12.5,-2.5,-0 ,0.194599
46, -12.5,-7.5,-0 ,0.319413
0, 17.5,17.5,0 ,1.03532
63, -17.5,-17.5,-0 ,0.66
58, 7.5,-17.5,0 ,0.298721
3, 2.5,17.5,0 ,0.756996
18, 7.5,7.5,0 ,0.66
64, 17.5,17.5,-65 ,0.309628
35, 2.5,-2.5,0 ,0.187894
99, 2.5,-2.5,-65 ,0.00675625
103, -17.5,-2.5,-65 ,0.0502448
61, -7.5,-17.5,-0 ,0.12473
88, 17.5,2.5,-65 ,0.141128
89, 12.5,2.5,-65 ,0.393961
56, 17.5,-17.5,0 ,0.845041
1, 12.5,17.5,0 ,0.66
63, -17.5,-17.5,-0 ,0.465329
21, -7.5,7.5,0 ,0.66
50, 7.5,-12.5,0 ,0.66
65, 12.5,17.5,-65 ,0.139473
19, 2.5,7.5,0 ,0.66
25, 12.5,2.5,0 ,0.188122
41, 12.5,-7.5,0 ,0.471878
15, -17.5,12.5,0 ,0.0214024
105, 12.5,-7.5,-65 ,0.205644
32, 17.5,-2.5,0 ,0.131001
56, 17.5,-17.5,0 ,0.66
16, 17.5,7.5,0 ,0.0807677
75, 2.5,12.5,-65 ,0.66
61, -7.5,-17.5,-0 ,0.675785
19, 2.5,7.5,0 ,0.232739
41, 12.5,-7.5,0 ,0.427261
119, -17.5,-12.5,-65 ,0.66
45, -7.5,-7.5,-0 ,0.647242
61, -7.5,-17.5,-0 ,0.298016
115, 2.5,-12.5,-65 ,0.346346
123, 2.5,-17.5,-65 ,0.313654
55, -17.5,-12.5,-0 ,0.66
15, -17.5,12.5,0 ,0.268125
32, 17.5,-2.5,0 ,0.741898
5, -7.5,17.5,0 ,0.446017
15, -17.5,12.5,0 ,0.577415
24, 17.5,2.5,0 ,0.0828444
32, 17.5,-2.5,0 ,1.32
63, -17.5,-17.5,-0 ,0.161065
11, 2.5,12.5,0 ,0.42042
47, -17.5,-7.5,-0 ,1.11589
63, -17.5,-17.5,-0 ,0.204111
34, 7.5,-2.5,0 ,0.202434
1, 12.5,17.5,0 ,0.40471
16, 17.5,7.5,0 ,0.66
76, -2.5,12.5,-65 ,0.66
40, 17.5,-7.5,0 ,0.66
39, -17.5,-2.5,-0 ,0.326639
38, -12.5,-2.5,-0 ,0.674896
120, 17.5,-17.5,-65 ,0.645104
43, 2.5,-7.5,0 ,0.80178
16, 17.5,7.5,0 ,0.163024
83, 2.5,7.5,-65 ,0.66
32, 17.5,-2.5,0 ,0.138004
101, -7.5,-2.5,-65 ,0.66
31, -17.5,2.5,0 ,0.318406
11, 2.5,12.5,0 ,0.66
121, 12.5,-17.5,-65 ,0.66
12, -2.5,12.5,0 ,0.163012
32, 17.5,-2.5,0 ,0.66
87, -17.5,7.5,-65 ,0.66
5, -7.5,17.5,0 ,0.66
37, -7.5,-2.5,-0 ,0.456077
43, 2.5,-7.5,0 ,0.203923
27, 2.5,2.5,0 ,0.330859
35, 2.5,-2.5,0 ,0.329141
59, 2.5,-17.5,0 ,1.32
49, 12.5,-12.5,0 ,0.66
108, -2.5,-7.5,-65 ,0.66
56, 17.5,-17.5,0 ,0.163154
51, 2.5,-12.5,0 ,1.06668
61, -7.5,-17.5,-0 ,0.253325
62, -12.5,-17.5,-0 ,0.66
55, -17.5,-12.5,-0 ,0.213704
51, 2.5,-12.5,0 ,0.66
44, -2.5,-7.5,-0 ,0.197611
52, -2.5,-12.5,-0 ,1.12239
34, 7.5,-2.5,0 ,0.375509
5, -7.5,17.5,0 ,1.32
72, 17.5,12.5,-65 ,1.32
60, -2.5,-17.5,-0 ,0.66
59, 2.5,-17.5,0 ,0.66
5, -7.5,17.5,0 ,0.66
31, -17.5,2.5,0 ,0.475625
11, 2.5,12.5,0 ,0.418099
77, -7.5,12.5,-65 ,1.09344
93, -7.5,2.5,-65 ,0.226564
37, -7.5,-2.5,-0 ,0.180018
16, 17.5,7.5,0 ,0.66
77, -7.5,12.5,-65 ,0.457326
39, -17.5,-2.5,-0 ,0.66
14, -12.5,12.5,0 ,0.66
65, 12.5,17.5,-65 ,0.66
48, 17.5,-12.5,0 ,0.476733
2, 7.5,17.5,0 ,0.440762
12, -2.5,12.5,0 ,0.392089
70, -12.5,17.5,-65 ,0.420241
115, 2.5,-12.5,-65 ,0.66
125, -7.5,-17.5,-65 ,0.0868718
46, -12.5,-7.5,-0 ,0.66
25, 12.5,2.5,0 ,0.800176
43, 2.5,-7.5,0 ,0.085981
5, -7.5,17.5,0 ,0.11826
51, 2.5,-12.5,0 ,0.146751
127, -17.5,-17.5,-65 ,0.66
40, 17.5,-7.5,0 ,0.264694
56, 17.5,-17.5,0 ,0.66
71, -17.5,17.5,-65 ,1.14794
5, -7.5,17.5,0 ,1.32
23, -17.5,7.5,0 ,0.378398
39, -17.5,-2.5,-0 ,0.941602
59, 2.5,-17.5,0 ,0.185566
80, 17.5,7.5,-65 ,0.474434
16, 17.5,7.5,0 ,0.270061
24, 17.5,2.5,0 ,0.66
16, 17.5,7.5,0 ,0.66
83, 2.5,7.5,-65 ,0.179355
99, 2.5,-2.5,-65 ,0.115055
39, -17.5,-2.5,-0 ,0.66
106, 7.5,-7.5,-65 ,0.471676
24, 17.5,2.5,0 ,0.468276
83, 2.5,7.5,-65 ,0.450404
63, -17.5,-17.5,-0 ,0.414503
61, -7.5,-17.5,-0 ,0.906618
21, -7.5,7.5,0 ,0.0823173
39, -17.5,-2.5,-0 ,0.522947
55, -17.5,-12.5,-0 ,0.137053
57, 12.5,-17.5,0 ,0.66
96, 17.5,-2.5,-65 ,0.0333128
106, 7.5,-7.5,-65 ,0.399003
45, -7.5,-7.5,-0 ,0.630593
8, 17.5,12.5,0 ,0.44353
21, -7.5,7.5,0 ,0.686972
31, -17.5,2.5,0 ,0.430578
94, -12.5,2.5,-65 ,1.11456
111, -17.5,-7.5,-65 ,0.20544
110, -12.5,-7.5,-65 ,0.66
1, 12.5,17.5,0 ,0.66
18, 7.5,7.5,0 ,0.66
95, -17.5,2.5,-65 ,0.66
29, -7.5,2.5,0 ,0.66
28, -2.5,2.5,0 ,0.073602
121, 12.5,-17.5,-65 ,0.523495
64, 17.5,17.5,-65 ,0.66
1, 12.5,17.5,0 ,0.66
21, -7.5,7.5,0 ,1.32
25, 12.5,2.5,0 ,0.362066
41, 12.5,-7.5,0 ,0.297934
60, -2.5,-17.5,-0 ,0.677116
61, -7.5,-17.5,-0 ,0.66
47, -17.5,-7.5,-0 ,0.31891
36, -2.5,-2.5,-0 ,0.66
40, 17.5,-7.5,0 ,0.66
35, 2.5,-2.5,0 ,1.32
109, -7.5,-7.5,-65 ,0.514367
19, 2.5,7.5,0 ,0.389332
28, -2.5,2.5,0 ,0.270668
8, 17.5,12.5,0 ,0.433411
25, 12.5,2.5,0 ,0.231353
41, 12.5,-7.5,0 ,0.428647
13, -7.5,12.5,0 ,0.66
27, 2.5,2.5,0 ,0.66
55, -17.5,-12.5,-0 ,0.3016
35, 2.5,-2.5,0 ,0.66
14, -12.5,12.5,0 ,0.274959
7, -17.5,17.5,0 ,0.265464
4, -2.5,17.5,0 ,0.66
3, 2.5,17.5,0 ,0.0860062
51, 2.5,-12.5,0 ,1.13361
57, 12.5,-17.5,0 ,0.279736
63, -17.5,-17.5,-0 ,0.192806
103, -17.5,-2.5,-65 ,0.340001
16, 17.5,7.5,0 ,0.0550054
51, 2.5,-12.5,0 ,1.32
4, -2.5,17.5,0 ,0.255454
7, -17.5,17.5,0 ,0.298556
59, 2.5,-17.5,0 ,0.806484
27, 2.5,2.5,0 ,0.85535
78, -12.5,12.5,-65 ,1.32
23, -17.5,7.5,0 ,0.0707018
24, 17.5,2.5,0 ,0.66
57, 12.5,-17.5,0 ,0.66
51, 2.5,-12.5,0 ,0.66
59, 2.5,-17.5,0 ,0.27071
60, -2.5,-17.5,-0 ,0.38929
5, -7.5,17.5,0 ,0.344837
3, 2.5,17.5,0 ,0.503731
25, 12.5,2.5,0 ,0.730442
59, 2.5,-17.5,0 ,1.06403
21, -7.5,7.5,0 ,0.663776
41, 12.5,-7.5,0 ,0.128285
43, 2.5,-7.5,0 ,0.0828344
87, -17.5,7.5,-65 ,0.577166
55, -17.5,-12.5,-0 ,0.744896
14, -12.5,12.5,0 ,0.253453
30, -12.5,2.5,0 ,0.0798799
40, 17.5,-7.5,0 ,0.66
123, 2.5,-17.5,-65 ,0.0149356
63, -17.5,-17.5,-0 ,0.272082
63, -17.5,-17.5,-0 ,0.494048
40, 17.5,-7.5,0 ,0.0666674
34, 7.5,-2.5,0 ,0.66
48, 17.5,-12.5,0 ,0.260912
51, 2.5,-12.5,0 ,0.399088
35, 2.5,-2.5,0 ,0.66
12, -2.5,12.5,0 ,0.879973
1, 12.5,17.5,0 ,0.234996
18, 7.5,7.5,0 ,0.425004
71, -17.5,17.5,-65 ,0.101226
44, -2.5,-7.5,-0 ,0.903211
23, -17.5,7.5,0 ,0.66
22, -12.5,7.5,0 ,0.130661
81, 12.5,7.5,-65 ,0.66
41, 12.5,-7.5,0 ,0.930147
57, 12.5,-17.5,0 ,0.124473
9, 12.5,12.5,0 ,0.66
49, 12.5,-12.5,0 ,0.66
39, -17.5,-2.5,-0 ,0.66
94, -12.5,2.5,-65 ,1.32
88, 17.5,2.5,-65 ,0.66
63, -17.5,-17.5,-0 ,1.08511
53, -7.5,-12.5,-0 ,0.146789
63, -17.5,-17.5,-0 ,0.0889165
5, -7.5,17.5,0 ,0.66
34, 7.5,-2.5,0 ,0.855511
50, 7.5,-12.5,0 ,0.464489
87, -17.5,7.5,-65 ,0.219031
15, -17.5,12.5,0 ,0.66
59, 2.5,-17.5,0 ,0.66
47, -17.5,-7.5,-0 ,1.04458
16, 17.5,7.5,0 ,0.310607
120, 17.5,-17.5,-65 ,0.192764
63, -17.5,-17.5,-0 ,0.66
29, -7.5,2.5,0 ,0.0222139
56, 17.5,-17.5,0 ,0.66
0, 17.5,17.5,0 ,0.698306
48, 17.5,-12.5,0 ,0.66
126, -12.5,-17.5,-65 ,0.306956
103, -17.5,-2.5,-65 ,0.334299
111, -17.5,-7.5,-65 ,0.985701
1, 12.5,17.5,0 ,0.66
3, 2.5,17.5,0 ,0.134239
55, -17.5,-12.5,-0 ,0.722377
28, -2.5,2.5,0 ,0.37516
9, 12.5,12.5,0 ,1.32
16, 17.5,7.5,0 ,1.32
61, -7.5,-17.5,-0 ,0.272987
63, -17.5,-17.5,-0 ,0.44522
43, 2.5,-7.5,0 ,0.66
11, 2.5,12.5,0 ,0.763739
5, -7.5,17.5,0 ,0.480184
21, -7.5,7.5,0 ,0.179816
6, -12.5,17.5,0 ,0.681
52, -2.5,-12.5,-0 ,0.470418
62, -12.5,-17.5,-0 ,0.189582
53, -7.5,-12.5,-0 ,0.66
77, -7.5,12.5,-65 ,0.66
33, 12.5,-2.5,0 ,0.107178
0, 17.5,17.5,0 ,0.434853
2, 7.5,17.5,0 ,0.225147
1, 12.5,17.5,0 ,0.66
69, -7.5,17.5,-65 ,1.32
7, -17.5,17.5,0 ,0.105361
45, -7.5,-7.5,-0 ,0.66
19, 2.5,7.5,0 ,0.0780193
113, 12.5,-12.5,-65 ,0.581981
31, -17.5,2.5,0 ,0.162161
9, 12.5,12.5,0 ,0.66
109, -7.5,-7.5,-65 ,1.32
59, 2.5,-17.5,0 ,0.267348
23, -17.5,7.5,0 ,0.770267
26, 7.5,2.5,0 ,0.0209619
37, -7.5,-2.5,-0 ,0.66
16, 17.5,7.5,0 ,1.14419
19, 2.5,7.5,0 ,0.66
24, 17.5,2.5,0 ,0.125173
51, 2.5,-12.5,0 ,0.66
7, -17.5,17.5,0 ,0.497605
23, -17.5,7.5,0 ,0.435156
5, -7.5,17.5,0 ,0.891981
58, 7.5,-17.5,0 ,0.66
6, -12.5,17.5,0 ,0.379914
7, -17.5,17.5,0 ,0.280086
17, 12.5,7.5,0 ,0.66
55, -17.5,-12.5,-0 ,0.366612
12, -2.5,12.5,0 ,0.069029
61, -7.5,-17.5,-0 ,0.437745
43, 2.5,-7.5,0 ,0.66
47, -17.5,-7.5,-0 ,0.66
0, 17.5,17.5,0 ,0.66
9, 12.5,12.5,0 ,0.0114634
63, -17.5,-17.5,-0 ,1.09957
32, 17.5,-2.5,0 ,0.32198
78, -12.5,12.5,-65 ,0.66413
111, -17.5,-7.5,-65 ,0.66
55, -17.5,-12.5,-0 ,0.896436
15, -17.5,12.5,0 ,0.66
66, 7.5,17.5,-65 ,0.66
5, -7.5,17.5,0 ,0.304149
22, -12.5,7.5,0 ,0.0182103
66, 7.5,17.5,-65 ,0.442526
2, 7.5,17.5,0 ,0.324475
11, 2.5,12.5,0 ,0.335525
11, 2.5,12.5,0 ,0.394972
21, -7.5,7.5,0 ,0.925028
13, -7.5,12.5,0 ,0.66
64, 17.5,17.5,-65 ,0.291129
10, 7.5,12.5,0 ,0.0411165
18, 7.5,7.5,0 ,0.403915
25, 12.5,2.5,0 ,0.107752
127, -17.5,-17.5,-65 ,0.0519884
48, 17.5,-12.5,0 ,0.66
78, -12.5,12.5,-65 ,0.680087
92, -2.5,2.5,-65 ,0.66
22, -12.5,7.5,0 ,0.410264
39, -17.5,-2.5,-0 ,0.249736
82, 7.5,7.5,-65 ,0.196313
120, 17.5,-17.5,-65 ,0.66
46, -12.5,-7.5,-0 ,0.265671
47, -17.5,-7.5,-0 ,1.05433
32, 17.5,-2.5,0 ,0.00138474
101, -7.5,-2.5,-65 ,0.658615
72, 17.5,12.5,-65 ,0.0399673
17, 12.5,7.5,0 ,0.66
40, 17.5,-7.5,0 ,0.66
58, 7.5,-17.5,0 ,0.971381
87, -17.5,7.5,-65 ,0.996305
15, -17.5,12.5,0 ,0.140078
41, 12.5,-7.5,0 ,0.66
55, -17.5,-12.5,-0 ,0.745007
25, 12.5,2.5,0 ,0.988707
61, -7.5,-17.5,-0 ,0.66
11, 2.5,12.5,0 ,0.1843
51, 2.5,-12.5,0 ,0.66
9, 12.5,12.5,0 ,0.0778384
29, -7.5,2.5,0 ,0.118529
65, 12.5,17.5,-65 ,0.499105
38, -12.5,-2.5,-0 ,0.710072
53, -7.5,-12.5,-0 ,0.024974
55, -17.5,-12.5,-0 ,0.258611
57, 12.5,-17.5,0 ,0.326342
0, 17.5,17.5,0 ,0.124502
59, 2.5,-17.5,0 ,0.66
11, 2.5,12.5,0 ,0.110256
4, -2.5,17.5,0 ,0.943476
11, 2.5,12.5,0 ,0.376524
42, 7.5,-7.5,0 ,0.66
2, 7.5,17.5,0 ,0.66
16, 17.5,7.5,0 ,0.66
58, 7.5,-17.5,0 ,0.234483
44, -2.5,-7.5,-0 ,1.01639
61, -7.5,-17.5,-0 ,0.303613
33, 12.5,-2.5,0 ,0.0983965
50, 7.5,-12.5,0 ,0.561604
111, -17.5,-7.5,-65 ,0.66
29, -7.5,2.5,0 ,1.32
47, -17.5,-7.5,-0 ,0.892277
63, -17.5,-17.5,-0 ,0.207173
124, -2.5,-17.5,-65 ,0.321557
125, -7.5,-17.5,-65 ,0.338443
0, 17.5,17.5,0 ,0.360699
23, -17.5,7.5,0 ,0.459334
32, 17.5,-2.5,0 ,0.119653
19, 2.5,7.5,0 ,0.0564908
59, 2.5,-17.5,0 ,0.66
83, 2.5,7.5,-65 ,0.66
19, 2.5,7.5,0 ,0.66
37, -7.5,-2.5,-0 ,0.000896375
13, -7.5,12.5,0 ,0.286651
22, -12.5,7.5,0 ,0.373349
73, 12.5,12.5,-65 ,0.66
59, 2.5,-17.5,0 ,0.15204
120, 17.5,-17.5,-65 ,0.66
27, 2.5,2.5,0 ,0.739113
68, -2.5,17.5,-65 ,0.66
40, 17.5,-7.5,0 ,1.32
15, -17.5,12.5,0 ,0.66
22, -12.5,7.5,0 ,0.66
73, 12.5,12.5,-65 ,0.66
59, 2.5,-17.5,0 ,0.243039
57, 12.5,-17.5,0 ,0.143589
11, 2.5,12.5,0 ,0.203341
21, -7.5,7.5,0 ,0.66
23, -17.5,7.5,0 ,0.456659
31, -17.5,2.5,0 ,0.66
5, -7.5,17.5,0 ,0.350891
19, 2.5,7.5,0 ,1.32
56, 17.5,-17.5,0 ,0.1708
58, 7.5,-17.5,0 ,0.0263797
1, 12.5,17.5,0 ,0.201315
19, 2.5,7.5,0 ,0.00330734
29, -7.5,2.5,0 ,0.656693
75, 2.5,12.5,-65 ,0.43288
92, -2.5,2.5,-65 ,0.00939823
12, -2.5,12.5,0 ,0.408507
2, 7.5,17.5,0 ,0.621945
26, 7.5,2.5,0 ,1.32
24, 17.5,2.5,0 ,0.106944
34, 7.5,-2.5,0 ,1.21306
9, 12.5,12.5,0 ,0.435015
19, 2.5,7.5,0 ,0.224985
71, -17.5,17.5,-65 ,0.66
3, 2.5,17.5,0 ,0.66
31, -17.5,2.5,0 ,1.32
32, 17.5,-2.5,0 ,0.133967
42, 7.5,-7.5,0 ,0.217342
127, -17.5,-17.5,-65 ,0.0687701
75, 2.5,12.5,-65 ,0.182318
85, -7.5,7.5,-65 ,0.477682
37, -7.5,-2.5,-0 ,0.66
126, -12.5,-17.5,-65 ,0.66
1, 12.5,17.5,0 ,0.116178
32, 17.5,-2.5,0 ,0.66
56, 17.5,-17.5,0 ,0.515494
57, 12.5,-17.5,0 ,0.144506
35, 2.5,-2.5,0 ,0.481295
82, 7.5,7.5,-65 ,0.0223442
8, 17.5,12.5,0 ,1.32
7, -17.5,17.5,0 ,0.750196
41, 12.5,-7.5,0 ,0.468787
47, -17.5,-7.5,-0 ,0.908954
40, 17.5,-7.5,0 ,0.350801
56, 17.5,-17.5,0 ,0.309199
37, -7.5,-2.5,-0 ,0.66
31, -17.5,2.5,0 ,0.434896
47, -17.5,-7.5,-0 ,0.310693
24, 17.5,2.5,0 ,0.905341
59, 2.5,-17.5,0 ,0.66
47, -17.5,-7.5,-0 ,0.66
101, -7.5,-2.5,-65 ,0.315716
103, -17.5,-2.5,-65 ,0.373246
97, 12.5,-2.5,-65 ,0.27572
37, -7.5,-2.5,-0 ,0.858607
89, 12.5,2.5,-65 ,0.00912109
24, 17.5,2.5,0 ,0.191082
73, 12.5,12.5,-65 ,1.12892
117, -7.5,-12.5,-65 ,0.864083
63, -17.5,-17.5,-0 ,0.207016
37, -7.5,-2.5,-0 ,0.578757
45, -7.5,-7.5,-0 ,0.0812434
59, 2.5,-17.5,0 ,0.158562
23, -17.5,7.5,0 ,0.696331
77, -7.5,12.5,-65 ,0.124605
70, -12.5,17.5,-65 ,0.065441
40, 17.5,-7.5,0 ,1.32
5, -7.5,17.5,0 ,0.163104
99, 2.5,-2.5,-65 ,0.179583
88, 17.5,2.5,-65 ,1.32
39, -17.5,-2.5,-0 ,0.755006
73, 12.5,12.5,-65 ,1.05373
53, -7.5,-12.5,-0 ,0.0297377
70, -12.5,17.5,-65 ,1.01451
96, 17.5,-2.5,-65 ,0.0777478
0, 17.5,17.5,0 ,0.66
87, -17.5,7.5,-65 ,0.66
16, 17.5,7.5,0 ,0.66
87, -17.5,7.5,-65 ,0.66
73, 12.5,12.5,-65 ,0.408456
27, 2.5,2.5,0 ,0.66
41, 12.5,-7.5,0 ,0.410237
123, 2.5,-17.5,-65 ,0.125542
57, 12.5,-17.5,0 ,0.66
8, 17.5,12.5,0 ,0.431166
17, 12.5,7.5,0 ,0.220675
25, 12.5,2.5,0 ,0.193622
3, 2.5,17.5,0 ,1.32
27, 2.5,2.5,0 ,0.376852
37, -7.5,-2.5,-0 ,0.283148
80, 17.5,7.5,-65 ,0.46899
39, -17.5,-2.5,-0 ,0.66
27, 2.5,2.5,0 ,0.694696
72, 17.5,12.5,-65 ,0.66
83, 2.5,7.5,-65 ,0.78201
64, 17.5,17.5,-65 ,0.66
125, -7.5,-17.5,-65 ,0.489309
5, -7.5,17.5,0 ,0.130719
1, 12.5,17.5,0 ,0.0917511
8, 17.5,12.5,0 ,0.274318
9, 12.5,12.5,0 ,0.75078
25, 12.5,2.5,0 ,0.294902
27, 2.5,2.5,0 ,0.118514
99, 2.5,-2.5,-65 ,0.122118
64, 17.5,17.5,-65 ,0.470047
55, -17.5,-12.5,-0 ,0.66
124, -2.5,-17.5,-65 ,0.66
8, 17.5,12.5,0 ,0.290042
24, 17.5,2.5,0 ,0.0466741
85, -7.5,7.5,-65 ,0.308722
101, -7.5,-2.5,-65 ,0.0295337
18, 7.5,7.5,0 ,0.193005
0, 17.5,17.5,0 ,0.0892585
27, 2.5,2.5,0 ,0.445031
11, 2.5,12.5,0 ,0.66
32, 17.5,-2.5,0 ,0.66
40, 17.5,-7.5,0 ,0.414489
117, -7.5,-12.5,-65 ,0.66
44, -2.5,-7.5,-0 ,0.0213666
58, 7.5,-17.5,0 ,0.488862
106, 7.5,-7.5,-65 ,0.66
25, 12.5,2.5,0 ,0.40872
40, 17.5,-7.5,0 ,0.25128
16, 17.5,7.5,0 ,0.434038
41, 12.5,-7.5,0 ,0.234277
43, 2.5,-7.5,0 ,0.0980025
48, 17.5,-12.5,0 ,0.157914
6, -12.5,17.5,0 ,0.66
47, -17.5,-7.5,-0 ,0.66
61, -7.5,-17.5,-0 ,0.66
32, 17.5,-2.5,0 ,0.341965
40, 17.5,-7.5,0 ,0.318035
107, 2.5,-7.5,-65 ,0.423986
69, -7.5,17.5,-65 ,0.66
67, 2.5,17.5,-65 ,0.66
89, 12.5,2.5,-65 ,0.18591
47, -17.5,-7.5,-0 ,0.0459949
29, -7.5,2.5,0 ,0.227654
43, 2.5,-7.5,0 ,0.66
29, -7.5,2.5,0 ,0.66
6, -12.5,17.5,0 ,0.138106
45, -7.5,-7.5,-0 ,1.32
49, 12.5,-12.5,0 ,1.07944
10, 7.5,12.5,0 ,0.66
29, -7.5,2.5,0 ,0.66
22, -12.5,7.5,0 ,0.214612
31, -17.5,2.5,0 ,1.10539
6, -12.5,17.5,0 ,0.103987
16, 17.5,7.5,0 ,0.0344817
15, -17.5,12.5,0 ,0.260054
37, -7.5,-2.5,-0 ,0.163285
61, -7.5,-17.5,-0 ,1.12182
59, 2.5,-17.5,0 ,0.66
7, -17.5,17.5,0 ,0.66
64, 17.5,17.5,-65 ,0.66
10, 7.5,12.5,0 ,0.297592
62, -12.5,-17.5,-0 ,0.00697472
40, 17.5,-7.5,0 ,0.06562
56, 17.5,-17.5,0 ,0.386476
30, -12.5,2.5,0 ,0.31638
31, -17.5,2.5,0 ,0.34362
11, 2.5,12.5,0 ,0.66
42, 7.5,-7.5,0 ,0.291086
43, 2.5,-7.5,0 ,0.368914
53, -7.5,-12.5,-0 ,0.26232
61, -7.5,-17.5,-0 ,0.66
66, 7.5,17.5,-65 ,0.248154
67, 2.5,17.5,-65 ,0.411846
35, 2.5,-2.5,0 ,0.753771
44, -2.5,-7.5,-0 ,0.189293
51, 2.5,-12.5,0 ,0.376936
59, 2.5,-17.5,0 ,1.32
35, 2.5,-2.5,0 ,0.104901
103, -17.5,-2.5,-65 ,0.0545879
22, -12.5,7.5,0 ,0.66
43, 2.5,-7.5,0 ,0.0423041
113, 12.5,-12.5,-65 ,1.32
40, 17.5,-7.5,0 ,0.271542
49, 12.5,-12.5,0 ,0.388458
27, 2.5,2.5,0 ,0.66
79, -17.5,12.5,-65 ,0.66
52, -2.5,-12.5,-0 ,0.219966
19, 2.5,7.5,0 ,0.92335
39, -17.5,-2.5,-0 ,1.03945
4, -2.5,17.5,0 ,0.038757
91, 2.5,2.5,-65 ,0.198212
99, 2.5,-2.5,-65 ,0.720977
34, 7.5,-2.5,0 ,0.66
80, 17.5,7.5,-65 ,0.0620572
38, -12.5,-2.5,-0 ,0.895827
45, -7.5,-7.5,-0 ,0.208583
23, -17.5,7.5,0 ,1.02285
33, 12.5,-2.5,0 ,0.66
43, 2.5,-7.5,0 ,0.148189
25, 12.5,2.5,0 ,0.188
42, 7.5,-7.5,0 ,0.133093
95, -17.5,2.5,-65 ,0.086933
19, 2.5,7.5,0 ,0.66
39, -17.5,-2.5,-0 ,0.946262
87, -17.5,7.5,-65 ,0.66
51, 2.5,-12.5,0 ,1.32
23, -17.5,7.5,0 ,0.66
13, -7.5,12.5,0 ,0.273038
24, 17.5,2.5,0 ,0.386962
54, -12.5,-12.5,-0 ,0.140188
30, -12.5,2.5,0 ,0.674439
46, -12.5,-7.5,-0 ,0.0354425
61, -7.5,-17.5,-0 ,0.66
1, 12.5,17.5,0 ,0.66
71, -17.5,17.5,-65 ,0.466406
100, -2.5,-2.5,-65 ,0.0302185
108, -2.5,-7.5,-65 ,0.346642
35, 2.5,-2.5,0 ,0.241887
44, -2.5,-7.5,-0 ,0.380738
45, -7.5,-7.5,-0 ,0.0373753
1, 12.5,17.5,0 ,0.984534
45, -7.5,-7.5,-0 ,0.66
62, -12.5,-17.5,-0 ,0.300266
24, 17.5,2.5,0 ,0.945858
33, 12.5,-2.5,0 ,0.238079
41, 12.5,-7.5,0 ,0.136063
60, -2.5,-17.5,-0 ,0.917528
9, 12.5,12.5,0 ,0.66
1, 12.5,17.5,0 ,0.346129
3, 2.5,17.5,0 ,0.128236
35, 2.5,-2.5,0 ,0.66
67, 2.5,17.5,-65 ,0.66
68, -2.5,17.5,-65 ,0.196665
69, -7.5,17.5,-65 ,0.463335
120, 17.5,-17.5,-65 ,0.66
112, 17.5,-12.5,-65 ,0.66
71, -17.5,17.5,-65 ,0.915351
4, -2.5,17.5,0 ,0.12222
83, 2.5,7.5,-65 ,0.53778
91, 2.5,2.5,-65 ,0.297727
106, 7.5,-7.5,-65 ,0.362273
49, 12.5,-12.5,0 ,0.836008
58, 7.5,-17.5,0 ,0.0775781
69, -7.5,17.5,-65 ,0.66
71, -17.5,17.5,-65 ,0.161367
39, -17.5,-2.5,-0 ,0.66
98, 7.5,-2.5,-65 ,0.0741728
106, 7.5,-7.5,-65 ,0.790839
118, -12.5,-12.5,-65 ,0.179461
25, 12.5,2.5,0 ,0.66
18, 7.5,7.5,0 ,0.0267355
71, -17.5,17.5,-65 ,0.66
6, -12.5,17.5,0 ,0.919715
13, -7.5,12.5,0 ,0.400285
8, 17.5,12.5,0 ,0.66
30, -12.5,2.5,0 ,0.66
90, 7.5,2.5,-65 ,0.00119902
21, -7.5,7.5,0 ,0.66
26, 7.5,2.5,0 ,0.162862
37, -7.5,-2.5,-0 ,0.682668
96, 17.5,-2.5,-65 ,0.106147
41, 12.5,-7.5,0 ,0.66
119, -17.5,-12.5,-65 ,0.155272
84, -2.5,7.5,-65 ,0.407118
93, -7.5,2.5,-65 ,0.41007
103, -17.5,-2.5,-65 ,0.252882
32, 17.5,-2.5,0 ,0.66
100, -2.5,-2.5,-65 ,0.66
32, 17.5,-2.5,0 ,1.32
34, 7.5,-2.5,0 ,0.0223013
19, 2.5,7.5,0 ,0.273451
29, -7.5,2.5,0 ,0.386549
7, -17.5,17.5,0 ,0.149346
52, -2.5,-12.5,-0 ,0.66
33, 12.5,-2.5,0 ,0.66
5, -7.5,17.5,0 ,0.20841
72, 17.5,12.5,-65 ,0.66
47, -17.5,-7.5,-0 ,0.124789
8, 17.5,12.5,0 ,0.535988
25, 12.5,2.5,0 ,0.419285
29, -7.5,2.5,0 ,0.274604
23, -17.5,7.5,0 ,0.161347
5, -7.5,17.5,0 ,0.66
23, -17.5,7.5,0 ,0.66
111, -17.5,-7.5,-65 ,0.0301029
104, 17.5,-7.5,-65 ,0.66
2, 7.5,17.5,0 ,0.66
45, -7.5,-7.5,-0 ,0.450574
15, -17.5,12.5,0 ,0.351797
85, -7.5,7.5,-65 ,0.308203
41, 12.5,-7.5,0 ,0.66
119, -17.5,-12.5,-65 ,0.240654
31, -17.5,2.5,0 ,0.0855263
119, -17.5,-12.5,-65 ,0.143745
2, 7.5,17.5,0 ,0.0786503
10, 7.5,12.5,0 ,0.0331684
120, 17.5,-17.5,-65 ,0.275566
0, 17.5,17.5,0 ,0.185023
56, 17.5,-17.5,0 ,0.66
23, -17.5,7.5,0 ,0.66
63, -17.5,-17.5,-0 ,0.438291
21, -7.5,7.5,0 ,0.056732
119, -17.5,-12.5,-65 ,0.66
60, -2.5,-17.5,-0 ,1.32
62, -12.5,-17.5,-0 ,0.66
1, 12.5,17.5,0 ,0.0682887
43, 2.5,-7.5,0 ,0.265641
59, 2.5,-17.5,0 ,0.394359
8, 17.5,12.5,0 ,0.0501501
67, 2.5,17.5,-65 ,0.66
35, 2.5,-2.5,0 ,0.66
6, -12.5,17.5,0 ,0.773302
35, 2.5,-2.5,0 ,0.815797
51, 2.5,-12.5,0 ,0.504203
30, -12.5,2.5,0 ,0.66
105, 12.5,-7.5,-65 ,0.66
32, 17.5,-2.5,0 ,0.0277224
49, 12.5,-12.5,0 ,0.632278
109, -7.5,-7.5,-65 ,0.66
72, 17.5,12.5,-65 ,1.08099
43, 2.5,-7.5,0 ,0.87434
50, 7.5,-12.5,0 ,0.0165513
58, 7.5,-17.5,0 ,0.0495143
59, 2.5,-17.5,0 ,1.32
0, 17.5,17.5,0 ,0.66
120, 17.5,-17.5,-65 ,0.66
124, -2.5,-17.5,-65 ,0.100517
33, 12.5,-2.5,0 ,0.37274
54, -12.5,-12.5,-0 ,0.66
97, 12.5,-2.5,-65 ,0.0194413
106, 7.5,-7.5,-65 ,0.270366
107, 2.5,-7.5,-65 ,0.370192
56, 17.5,-17.5,0 ,0.164458
57, 12.5,-17.5,0 ,0.0153352
59, 2.5,-17.5,0 ,0.193129
127, -17.5,-17.5,-65 ,0.0672741
104, 17.5,-7.5,-65 ,0.50357
106, 7.5,-7.5,-65 ,0.29581
106, 7.5,-7.5,-65 ,0.804391
47, -17.5,-7.5,-0 ,0.66
49, 12.5,-12.5,0 ,0.33733
3, 2.5,17.5,0 ,0.66
30, -12.5,2.5,0 ,0.66
60, -2.5,-17.5,-0 ,0.66
63, -17.5,-17.5,-0 ,0.222655
2, 7.5,17.5,0 ,0.277596
64, 17.5,17.5,-65 ,0.66
9, 12.5,12.5,0 ,0.371149
10, 7.5,12.5,0 ,0.288851
39, -17.5,-2.5,-0 ,0.183425
120, 17.5,-17.5,-65 ,0.244734
65, 12.5,17.5,-65 ,0.303597
67, 2.5,17.5,-65 ,0.356403
1, 12.5,17.5,0 ,0.66
16, 17.5,7.5,0 ,1.32
3, 2.5,17.5,0 ,0.0542645
33, 12.5,-2.5,0 ,0.66
16, 17.5,7.5,0 ,0.66
79, -17.5,12.5,-65 ,0.156542
0, 17.5,17.5,0 ,0.66
30, -12.5,2.5,0 ,0.66
91, 2.5,2.5,-65 ,0.66
61, -7.5,-17.5,-0 ,0.883058
63, -17.5,-17.5,-0 ,0.350744
13, -7.5,12.5,0 ,0.66
27, 2.5,2.5,0 ,0.66
11, 2.5,12.5,0 ,0.247303
13, -7.5,12.5,0 ,0.66
0, 17.5,17.5,0 ,0.66
24, 17.5,2.5,0 ,0.66
19, 2.5,7.5,0 ,0.0255764
80, 17.5,7.5,-65 ,0.203916
3, 2.5,17.5,0 ,0.855169
10, 7.5,12.5,0 ,0.271418
101, -7.5,-2.5,-65 ,0.66
108, -2.5,-7.5,-65 ,0.66
10, 7.5,12.5,0 ,0.66
6, -12.5,17.5,0 ,1.32
59, 2.5,-17.5,0 ,1.32
4, -2.5,17.5,0 ,0.66
78, -12.5,12.5,-65 ,0.66
50, 7.5,-12.5,0 ,1.32
123, 2.5,-17.5,-65 ,0.66
13, -7.5,12.5,0 ,0.695024
32, 17.5,-2.5,0 ,0.66
8, 17.5,12.5,0 ,0.439225
16, 17.5,7.5,0 ,0.955897
33, 12.5,-2.5,0 ,0.364103
120, 17.5,-17.5,-65 ,0.127773
13, -7.5,12.5,0 ,0.66
1, 12.5,17.5,0 ,0.682545
53, -7.5,-12.5,-0 ,0.406819
62, -12.5,-17.5,-0 ,0.386096
104, 17.5,-7.5,-65 ,0.33615
114, 7.5,-12.5,-65 ,0.32385
23, -17.5,7.5,0 ,0.0322651
4, -2.5,17.5,0 ,0.66
80, 17.5,7.5,-65 ,0.171022
88, 17.5,2.5,-65 ,0.00643004
37, -7.5,-2.5,-0 ,0.66
13, -7.5,12.5,0 ,0.66
55, -17.5,-12.5,-0 ,0.351014
61, -7.5,-17.5,-0 ,0.529554
69, -7.5,17.5,-65 ,0.262564
70, -12.5,17.5,-65 ,0.734083
71, -17.5,17.5,-65 ,0.323353
15, -17.5,12.5,0 ,0.66
57, 12.5,-17.5,0 ,0.66
33, 12.5,-2.5,0 ,0.22122
45, -7.5,-7.5,-0 ,0.43878
23, -17.5,7.5,0 ,0.282395
76, -2.5,12.5,-65 ,0.402724
86, -12.5,7.5,-65 ,0.257276
40, 17.5,-7.5,0 ,0.535661
50, 7.5,-12.5,0 ,0.266961
62, -12.5,-17.5,-0 ,0.403587
0, 17.5,17.5,0 ,0.66
48, 17.5,-12.5,0 ,0.320018
32, 17.5,-2.5,0 ,0.124433
67, 2.5,17.5,-65 ,0.66
47, -17.5,-7.5,-0 ,0.849348
40, 17.5,-7.5,0 ,0.563086
57, 12.5,-17.5,0 ,0.29858
55, -17.5,-12.5,-0 ,0.297926
7, -17.5,17.5,0 ,1.32
5, -7.5,17.5,0 ,0.66
56, 17.5,-17.5,0 ,0.704855
58, 7.5,-17.5,0 ,0.615145
5, -7.5,17.5,0 ,0.66
1, 12.5,17.5,0 ,0.313001
78, -12.5,12.5,-65 ,1.32
37, -7.5,-2.5,-0 ,0.807902
53, -7.5,-12.5,-0 ,0.512098
29, -7.5,2.5,0 ,0.116849
108, -2.5,-7.5,-65 ,0.543151
9, 12.5,12.5,0 ,0.66
19, 2.5,7.5,0 ,0.66
2, 7.5,17.5,0 ,0.0855689
69, -7.5,17.5,-65 ,0.222309
17, 12.5,7.5,0 ,0.66
59, 2.5,-17.5,0 ,0.66
3, 2.5,17.5,0 ,0.146808
9, 12.5,12.5,0 ,0.886944
49, 12.5,-12.5,0 ,1.32
31, -17.5,2.5,0 ,0.66
48, 17.5,-12.5,0 ,1.32
27, 2.5,2.5,0 ,0.0680899
73, 12.5,12.5,-65 ,0.207361
81, 12.5,7.5,-65 ,0.277812
82, 7.5,7.5,-65 ,0.174827
12, -2.5,12.5,0 ,0.717405
11, 2.5,12.5,0 ,0.913959
21, -7.5,7.5,0 ,0.406041
44, -2.5,-7.5,-0 ,0.447405
54, -12.5,-12.5,-0 ,0.212595
126, -12.5,-17.5,-65 ,0.670687
35, 2.5,-2.5,0 ,0.458444
51, 2.5,-12.5,0 ,0.201556
52, -2.5,-12.5,-0 ,0.66
43, 2.5,-7.5,0 ,0.66
5, -7.5,17.5,0 ,0.969423
37, -7.5,-2.5,-0 ,0.113254
91, 2.5,2.5,-65 ,0.237323
114, 7.5,-12.5,-65 ,0.208553
115, 2.5,-12.5,-65 ,0.451447
110, -12.5,-7.5,-65 ,1.32
96, 17.5,-2.5,-65 ,1.00772
45, -7.5,-7.5,-0 ,0.313741
54, -12.5,-12.5,-0 ,0.66
63, -17.5,-17.5,-0 ,0.852872
8, 17.5,12.5,0 ,0.66
120, 17.5,-17.5,-65 ,0.66
35, 2.5,-2.5,0 ,0.143245
67, 2.5,17.5,-65 ,0.145362
2, 7.5,17.5,0 ,0.911034
61, -7.5,-17.5,-0 ,0.66
59, 2.5,-17.5,0 ,0.255796
2, 7.5,17.5,0 ,0.346455
44, -2.5,-7.5,-0 ,0.145073
22, -12.5,7.5,0 ,1.11773
14, -12.5,12.5,0 ,0.376843
23, -17.5,7.5,0 ,0.283157
55, -17.5,-12.5,-0 ,0.0771807
24, 17.5,2.5,0 ,0.66
123, 2.5,-17.5,-65 ,1.32
109, -7.5,-7.5,-65 ,0.241866
116, -2.5,-12.5,-65 ,1.07813
119, -17.5,-12.5,-65 ,1.14442
33, 12.5,-2.5,0 ,0.307314
50, 7.5,-12.5,0 ,0.352686
111, -17.5,-7.5,-65 ,0.66
5, -7.5,17.5,0 ,0.123523
6, -12.5,17.5,0 ,0.0754741
5, -7.5,17.5,0 ,0.31385
47, -17.5,-7.5,-0 ,0.66
115, 2.5,-12.5,-65 ,0.66
27, 2.5,2.5,0 ,0.301836
29, -7.5,2.5,0 ,0.358164
55, -17.5,-12.5,-0 ,0.449235
63, -17.5,-17.5,-0 ,0.210765
39, -17.5,-2.5,-0 ,0.507432
46, -12.5,-7.5,-0 ,0.152568
18, 7.5,7.5,0 ,0.259338
26, 7.5,2.5,0 ,1.06066
36, -2.5,-2.5,-0 ,0.330401
53, -7.5,-12.5,-0 ,0.329599
64, 17.5,17.5,-65 ,0.66
3, 2.5,17.5,0 ,0.66
6, -12.5,17.5,0 ,0.148919
22, -12.5,7.5,0 ,0.66
